Verb,VerbMeaning,A1,A1Sem,A2,A2Sem,A3,A3Sem,A4,A4Sem,A5,A5Sem,Meaning
задерживать,1,NO_Nom,человек,NO_Acc,человек,на_Acc,время,-,-,-,-,"А1 задержал А2 на А3 ‘Человек А1, вступив в контакт с перемещавшимся или собиравшимся покинуть какое-то место человеком А2, сделал так, что А2 остался там, где он был, и находился в этом месте в течение времени А3’"
задерживать,2.1,NO_Nom,человек,NO_Acc,субстанция,ГДЕ,место,-,-,-,-,А1 задержал А2 в А3 ‘Человек А1 остановил или приостановил в месте А3 движение субстанции А2 или перемещение массы А2 людей’
задерживать,2.2,NO_Nom,объект-ситуация,NO_Acc,субстанция,ГДЕ,место-объект,-,-,-,-,"А1 задерживает А2 ‘Объект или ситуация А1 являются причиной того, что подвижная субстанция А2 перестает распространяться и остается в объекте или в месте А3’"
задерживать,3.1,NO_Nom,человек,NO_Acc,процесс-действие-событие,на_Acc,время,-,-,-,-,"А1 задержал А2 ‘Лицо А1 сделало что-то, из-за чего действие, процесс или событие А2 не начались в назначенное время или начались позже на время А3’"
задерживать,3.2,NO_Nom,ситуация,NO_Acc,процесс-мероприятие,-,-,-,-,-,-,"А1 задержал А2 ‘Ситуация А1 была причиной того, что мероприятие А2 не было осуществлено в назначенное время или процесс А2 стал развиваться медленнее’"
задерживать,4.1,NO_Nom,человек,NO_Acc,движение,-,-,-,-,-,-,А1 задержал А2 ‘Человек А1 стал медленнее делать А2’ [А2 обычно движение или перемещение].
задерживать,4.2,NO_Nom,человек,NO_Acc,взгляд-мысль-внимание,на_Loc,объект,на_Acc,время,-,-,"А1 задержал А2 на А3 на А4 ‘Человек А1 сделал так, что объект А3 его взгляда или мысли А2 в течение времени А4 не менялся’."
задерживать,5,NO_Nom,официальное лицо,NO_Acc,человек,за_Acc,незаконное действие,ГДЕ,место,на_Acc,время,"А1 задержал А2 за А3 в А4 на А5 ‘Официальное лицо А1, войдя в контакт с человеком А2 в месте А4, ограничило его свободу на время А5, считая, что А2 совершил незаконное действие А3’"
благодарить,1,NO_Nom,человек,NO_Acc,человек,за_Acc,нечто хорошее,-,-,-,-,"А1 благодарит А2 за А3 ‘Человек А1, желая показать человеку А2, что он ценит хорошее А3, которое А2 сделал для А1, выражает это в принятой для таких случаев словесной форме’."
воздерживаться,1,NO_Nom,человек,от_Gen,действие,-,-,-,-,-,-,"А1 воздержался от А2 ‘Человек А1 решил не совершать и не совершил действие А2, которое хотел совершить или которое было естественно совершить’."
воздерживаться,2,NO_Nom,человек,-,-,-,-,-,-,-,-,"‘Принимая участие в голосовании, человек А1 решил не выражать определенного мнения по обсуждаемому вопросу и не голосовал ни за, ни против’."
арендовать,1,NO_Nom,лицо,NO_Acc,собственность,у_Gen,лицо,за_Acc,сумма,на_Acc,время,"А1 арендовал А2 у А3 за А4 на А5 ‘Лицо А1 приобрело право на использование собственности А2 лица А3 в течение длительного времени А5, заплатив за это лицу А3 суммуА4’ [А2 обычно недвижимость или транспортное средство]."
воспроизводить,1.1,NO_Nom,человек,NO_Acc,объект-действие,-,-,-,-,-,-,"А1 воспроизвел А2 ‘Человек А1 создал объект, похожий на объект А2, или совершает действия, совпадающие с действиями А2 другого человека или объекта А2 или приводящие к похожему результату А2’ [по аналогии - о животных: Обезьяна воспроизводила жесты дрессировщика; Попугай воспроизвел звук будильника]."
воспроизводить,1.2,NO_Nom,объект-ситуация,NO_Acc,объект-ситуация,-,-,-,-,-,-,"‘Объект А1 создан так, что он похож на объект А2, или ситуация А1 осуществлена так, что она похожа на ситуацию А2’."
воспроизводить,1.3,NO_Nom,человек,NO_Acc,объект-явление,NO_Ins,средство,-,-,-,-,‘Человек А1 изобразил средствами А3 искусства объект или явление А2 или свойства А2 некоторого объекта или явления’.
воспроизводить,1.3,NO_Nom,человек,NO_Acc,объект-явление,КАК,средство,-,-,-,-,‘Человек А1 изобразил средствами А3 искусства объект или явление А2 или свойства А2 некоторого объекта или явления’.
воспроизводить,2,NO_Nom,устройство,NO_Acc,изображение-звук,-,-,-,-,-,-,"А1 воспроизводит А2 ‘В результате функционирования специального устройства А1 возникают изображение или звук А2, ранее созданные каким-л. человеком’"
воспроизводить,3,NO_Nom,человек,NO_Acc,ситуация,NO_Dat,человек,-,-,-,-,"А1 воспроизвел А2 для A3 ‘Человек А1 вспомнил ситуацию А2 и сделал так, что в сознании других людей А3 появился образ ситуации А2’"
воспроизводить,4.1,NO_Nom,существо,NO_Acc,существо,-,-,-,-,-,-,"А1 воспроизвел А2 ‘Существа А1 родили столько своих потомков А2, что количество существ А1 не уменьшилось’."
воспроизводить,4.2,NO_Nom,общественный институт,NO_Acc,ценность,-,-,-,-,-,-,"А1 воспроизвел А2 ‘Общественный институт А1 произвел не меньше ценностей А2, чем израсходовал в процессе деятельности’."
выливать,1,NO_Nom,человек,NO_Acc,жидкость,из_Gen,сосуд,КУДА,сосуд-место,-,-,"А1 вылил А2 из А3 в А4 ‘Человек А1, наклонив или перевернув сосуд А3 с находящейся в нем жидкостью А2, сделал так, что А2 вытекла из А3 и начала находиться в сосуде или в месте А4’."
выливать,1,NO_Nom,человек,-,-,NO_Acc,сосуд,КУДА,сосуд-место,-,-,"А1 вылил А2 из А3 в А4 ‘Человек А1, наклонив или перевернув сосуд А3 с находящейся в нем жидкостью А2, сделал так, что А2 вытекла из А3 и начала находиться в сосуде или в месте А4’."
выливать,2,NO_Nom,человек,NO_Acc,объект,из_Gen,субстанция,-,-,-,-,"А1 вылил А2 из А3 ‘Человек А1 создал объект А2 из субстанции А3, вылив расплавленную А3 в форму и охладив ее, так что она затвердела’."
вышивать,1,NO_Nom,человек,NO_Acc,объект,на_Loc,ткань-изделие,NO_Ins,нить,NO_Ins,инструмент,"А1 вышил А2 наА3 средством А4 с помощью А5 ‘Человек А1 с помощью инструмента А5 создал изображение А2 на ткани или тканевом изделии А3, сделав на А3 специальные стежки нитью А4 или пришив к А3 специально предназначенные для этого мелкие объекты А4’."
вышивать,1,NO_Nom,человек,NO_Acc,объект,по_Dat,ткань-изделие,NO_Ins,нить,NO_Ins,инструмент,"А1 вышил А2 наА3 средством А4 с помощью А5 ‘Человек А1 с помощью инструмента А5 создал изображение А2 на ткани или тканевом изделии А3, сделав на А3 специальные стежки нитью А4 или пришив к А3 специально предназначенные для этого мелкие объекты А4’."
вышивать,1,NO_Nom,человек,NO_Acc,объект,на_Loc,ткань-изделие,NO_Ins,нить,на_Loc,инструмент,"А1 вышил А2 наА3 средством А4 с помощью А5 ‘Человек А1 с помощью инструмента А5 создал изображение А2 на ткани или тканевом изделии А3, сделав на А3 специальные стежки нитью А4 или пришив к А3 специально предназначенные для этого мелкие объекты А4’."
вышивать,1,NO_Nom,человек,NO_Acc,объект,по_Dat,ткань-изделие,NO_Ins,нить,на_Loc,инструмент,"А1 вышил А2 наА3 средством А4 с помощью А5 ‘Человек А1 с помощью инструмента А5 создал изображение А2 на ткани или тканевом изделии А3, сделав на А3 специальные стежки нитью А4 или пришив к А3 специально предназначенные для этого мелкие объекты А4’."
вышивать,2,NO_Nom,человек,NO_Acc,изделие,NO_Ins,объект,NO_Ins,нить-мелкий объект,NO_Ins,инструмент,"А1 вышил А2 ‘Человек А1 украсил изделие А2 из ткани, вышив на нем с помощью инструмента А5 много изображений А3 из нити или мелких объектов А4’"
афишировать,1,NO_Nom,человек,NO_Acc,поступок-состояние-свойство-ситуация,перед_Ins,человек,-,-,-,-,"А1 афиширует А2 ‘Человек А1 старается сделать так, чтобы многие люди А3 знали о его поступке, состоянии или свойстве А2 или ситуации А2, участником которой он является’"
брить,1.1,NO_Nom,человек,NO_Acc,часть тела-поверхность тела,NO_Ins,инструмент,-,-,-,-,"А1 бреет А2 с помощью A3 ‘Водя по поверхности тела человека А2 или по части А2 тела человека специальным инструментом А3, человек А1 срезает у основания растущие на ней волосы, так что кожа становится гладкой’"
брить,1.2,NO_Nom,человек,NO_Acc,часть тела,у_Gen,работник,-,-,-,-,"А1 бреет А2 у A3 ‘Человек А1 делает так, что работник А3 в специальном учреждении или работник специального учреждения А3 бреет ему часть тела А2’."
брить,1.2,NO_Nom,человек,NO_Acc,часть тела,в_Loc,учреждение,-,-,-,-,"А1 бреет А2 у A3 ‘Человек А1 делает так, что работник А3 в специальном учреждении или работник специального учреждения А3 бреет ему часть тела А2’."
брить,2,NO_Nom,самолет,-,-,-,-,-,-,-,-,‘Лететь на предельно малой высоте’ [о самолете]
громыхать,1,NO_Nom,существо-объект,NO_Ins,предмет,-,-,-,-,-,-,"А1 громыхает предметом А2 ‘Существо или объект А1 перемещается, отчего предмет А2, который он держит или который находится на нем, соприкасаясь с другими предметами, издает громкий глухой неприятный звук, похожий на звук сталкивающихся друг с другом тяжелых камней’."
громыхать,2,NO_Nom,предмет,-,-,-,-,-,-,-,-,"А1 громыхает ‘Предмет А1 от соприкосновения с другими предметами издает громкий глухой неприятный звук, похожий на звук сталкивающихся друг с другом тяжелых камней, или части предмета А1 издают такой звук от соприкосновения друг с другом, или явление А1 сопровождается таким звуком’"
выползать,1.1,NO_Nom,существо,ОТКУДА,замкнутое пространство,КУДА,открытое пространство,на_Acc,цель,-,-,"А1 выполз из А2 в А3 с целью А4 ‘Существо А1, ползя, переместилось из более замкнутого пространства А2 в более открытое пространство А3 с целью А4’ [о пресмыкающихся, червях, насекомых и т. п., а также о человеке и четвероногих животных в особых условиях перемещения или в особых состояниях]."
выползать,1.1,NO_Nom,существо,ОТКУДА,замкнутое пространство,КУДА,открытое пространство,за_Ins,цель,-,-,"А1 выполз из А2 в А3 с целью А4 ‘Существо А1, ползя, переместилось из более замкнутого пространства А2 в более открытое пространство А3 с целью А4’ [о пресмыкающихся, червях, насекомых и т. п., а также о человеке и четвероногих животных в особых условиях перемещения или в особых состояниях]."
выползать,1.1,NO_Nom,человек,ОТКУДА,замкнутое пространство,КУДА,открытое пространство,на_Acc,цель,-,-,"А1 выполз из А2 в A3 с целью А4 ‘Человек А1, с трудом идя, очень медленно переместился из более замкнутого пространства А2 в более открытое пространство А3 с целью А4’"
выползать,1.1,NO_Nom,человек,ОТКУДА,замкнутое пространство,КУДА,открытое пространство,за_Ins,цель,-,-,"А1 выполз из А2 в A3 с целью А4 ‘Человек А1, с трудом идя, очень медленно переместился из более замкнутого пространства А2 в более открытое пространство А3 с целью А4’"
выползать,2.1,NO_Nom,транспортное средство,ОТКУДА,замкнутое пространство,КУДА,открытое пространство,-,-,-,-,А1 выполз из А2 в A3 ‘Транспортное средство А1 очень медленно переместилось из более замкнутого пространства А2 в более открытое пространство А3’ [обычно при взгляде со стороны или с большого расстояния]
выползать,2.2,NO_Nom,объект-субстанция,ОТКУДА,объект,КУДА,открытое пространство,-,-,-,-,"А1 выполз изА2 в А3 ‘Объект или субстанция А1, находившиеся в замкнутом пространстве или внутри объекта А2, очень медленно катясь или распространяясь, переместились в более открытое пространство А3’"
выползать,2.3,NO_Nom,объект,из-за_Gen,объект,-,-,-,-,-,-,"А1 выполз из-за А2 ‘Медленно перемещаясь по небу, объект А1 перестал находиться за объектом А2 и стал виден наблюдателю’ [о светилах, облаках и т. п.]."
выползать,3,NO_Nom,объект,из_Gen,место,-,-,-,-,-,-,А1 выполз из А2 ‘Неподвижный объект А1 начал быть видимым в месте А2 медленно перемещающемуся в направлении А1 наблюдателю - А1 как бы выполз 1.1 из А2’.
выползать,3,NO_Nom,объект,из-за_Gen,место,-,-,-,-,-,-,А1 выполз из А2 ‘Неподвижный объект А1 начал быть видимым в месте А2 медленно перемещающемуся в направлении А1 наблюдателю - А1 как бы выполз 1.1 из А2’.
жалить,1,NO_Nom,насекомое-животное,NO_Acc,человек-животное,-,-,-,-,-,-,"А1 жалит А2 ‘Насекомое или животное A1 взаимодействует с телом человека или животного A2 так, что в тело A2 попадает вещество, вызывающее у A2 зуд или боль’."
жалить,2,NO_Nom,растение,NO_Acc,человек,-,-,-,-,-,-,"А1 жалит А2 ‘Растение A1 при соприкосновении с телом человека A2 выделяет вещество, вызывающее у A2 ожог’"
запасать,1,NO_Nom,существо,NO_Gen,объект-ресурс-продукт,на_Acc,срок,-,-,-,-,"А1 запас А2 на срок А3 ‘Существо А1 накопило какое-то количество объектов А2 или ресурса А2, чтобы можно было расходовать А2 в течение срока А3’ [А2 часто продукты],"
запасать,1,NO_Nom,существо,NO_Acc,объект-ресурс-продукт,на_Acc,срок,-,-,-,-,"А1 запас А2 на срок А3 ‘Существо А1 накопило какое-то количество объектов А2 или ресурса А2, чтобы можно было расходовать А2 в течение срока А3’ [А2 часто продукты],"
гостить,1,NO_Nom,человек,у_Gen,человек,ГДЕ,дом-место,КАКОЕ_ВРЕМЯ,время,-,-,"А1 гостит у А2 в А3 ‘Человек А1 живет по при глашению человека А2 у него в доме в месте А3 в течение времени А4 одновременно с ним, потому что людям А1 и А2 приятно быть вместе, и А2 старается создать условия, чтобы человеку А1 было приятно жить у него’."
гостить,1,NO_Nom,человек,в_Loc,семья,ГДЕ,дом-место,КАКОЕ_ВРЕМЯ,время,-,-,"А1 гостит у А2 в А3 ‘Человек А1 живет по при глашению человека А2 у него в доме в месте А3 в течение времени А4 одновременно с ним, потому что людям А1 и А2 приятно быть вместе, и А2 старается создать условия, чтобы человеку А1 было приятно жить у него’."
дезинфицировать,1,NO_Nom,человек,NO_Acc,объект,от_Gen,микроорганизмы,NO_Ins,средство,-,-,"A1 дезинфицирует A2 от A3 с помощью A4 ‘Человек A1 воздействует на объект A2 средством A4 с целью уничтожить вызывающие заболевания микроорганизмы A3, находящиеся на A2 или в A2’."
дезинфицировать,1,NO_Nom,человек,NO_Acc,объект,от_Gen,микроорганизмы,в_Loc,средство,-,-,"A1 дезинфицирует A2 от A3 с помощью A4 ‘Человек A1 воздействует на объект A2 средством A4 с целью уничтожить вызывающие заболевания микроорганизмы A3, находящиеся на A2 или в A2’."
дезинфицировать,1,NO_Nom,человек,NO_Acc,объект,от_Gen,микроорганизмы,с помощью_Gen,средство,-,-,"A1 дезинфицирует A2 от A3 с помощью A4 ‘Человек A1 воздействует на объект A2 средством A4 с целью уничтожить вызывающие заболевания микроорганизмы A3, находящиеся на A2 или в A2’."
дезинфицировать,1,NO_Nom,человек,NO_Acc,объект,от_Gen,микроорганизмы,при помощи_Gen,средство,-,-,"A1 дезинфицирует A2 от A3 с помощью A4 ‘Человек A1 воздействует на объект A2 средством A4 с целью уничтожить вызывающие заболевания микроорганизмы A3, находящиеся на A2 или в A2’."
дезинфицировать,2,NO_Nom,вещество,NO_Acc,объект,-,-,-,-,-,-,"A1 дезинфицирует A2 ‘Вещество A1 обладает свойством уничтожать вызывающие заболевания микроорга низмы, находящиеся на объекте A2 или внутри его’."
ждать,1.1,NO_Nom,человек,NO_Gen,человек-транспорт,ГДЕ,место,СКОЛЬКО,время,-,-,"А1 ждет А2 в А3 в течение А4 ‘Зная или считая, что через какое-то время в месте А3 появится человек А2, с которым человек А1 хочет или должен войти в контакт, или транспортное средство А2, нужное для реализации его цели, человек А1 находится в А3 в течение времени А4 с целью войти в контакт с человеком А2 или реализовать свою цель, связанную с транспортным средством А2’."
ждать,1.1,NO_Nom,человек,NO_Acc,человек-транспорт,ГДЕ,место,СКОЛЬКО,время,-,-,"А1 ждет А2 в А3 в течение А4 ‘Зная или считая, что через какое-то время в месте А3 появится человек А2, с которым человек А1 хочет или должен войти в контакт, или транспортное средство А2, нужное для реализации его цели, человек А1 находится в А3 в течение времени А4 с целью войти в контакт с человеком А2 или реализовать свою цель, связанную с транспортным средством А2’."
ждать,1.2,NO_Nom,человек,NO_Acc,событие-ситуация,-,-,-,-,-,-,"А1 ждет А2 ‘Человек А1 находится в состоянии готовности к событию А2 или возникновению ситуации А2, которые могут повлиять на текущее состояние или дальней шую жизнь А1’."
ждать,1.3,NO_Nom,человек,NO_Gen,ситуация,-,-,-,-,-,-,"А1 ждет А2 ‘Человек А1 находится в состоянии готовности к возникновению ситуации А2, нужной ему для реализации его планов или естественной в данных условиях’ [А2 - отрезок времени, природное явление с заранее извест ным временем наступления, событие и т. п.]"
ждать,1.3,NO_Nom,человек,NO_Acc,ситуация,-,-,-,-,-,-,"А1 ждет А2 ‘Человек А1 находится в состоянии готовности к возникновению ситуации А2, нужной ему для реализации его планов или естественной в данных условиях’ [А2 - отрезок времени, природное явление с заранее извест ным временем наступления, событие и т. п.]"
ждать,1.4,NO_Nom,женщина,NO_Acc,ребенок,-,-,-,-,-,-,"А1 ждет А2 ‘Женщина А1 беременна и находится в состоянии готовности к тому, что у нее родится ребенок А2’."
ждать,2,NO_Nom,человек,NO_Gen,событие,-,-,-,-,-,-,"А1 ждет А2 ‘Человек А1 предполагает, что относительно скоро произойдет событие А2, непосредственно его касающееся и чаще неприятное для него’."
ждать,3.2,NO_Nom,ситуация,-,-,-,-,-,-,-,-,"А1 не ждет ‘Ситуация А1 такова, что она требует действий от ее потенциальных участников’ [обычно в ОТРИЦ со словами время, дело, работа, жизнь в качестве подлежащего]"
ждать,4.1,NO_Nom,объект,NO_Acc,человек,ГДЕ,место,-,-,-,-,"А1 ждет А2 в А3 ‘Предназначенный для чело века А2 объект А1, ранее находившийся в другом месте или не существовавший, в момент наблюдения находится в месте А3, где находится или куда должен переместиться А2, или недалеко от этого места, и готов для использования этим чело веком’ [А1 - транспортное средство, почтовое отправление, еда и т п.]"
ждать,4.2,NO_Nom,объект,NO_Gen,человек-роль,-,-,-,-,-,-,"А1 ждет А2 ‘Объект А1, готовый для использо вания или для того, чтобы кто-то занялся им, не используется или им никто не занимается, потому что еще нет такого чело века А2, который бы мог или хотел это сделать’."
ждать,5,NO_Nom,ситуация-роль,NO_Acc,человек,-,-,-,-,-,-,"А1 ждет А2 ‘Говорящий выражает уверенность, что человек или объект А2 в относительно близком будущем окажется в ситуации А1, которая может существенно повли ять на его дальнейшее существование’."
жить,1.1,NO_Nom,существо-растение,-,-,-,-,-,-,-,-,"Данная лексема имеет элементарное значение и не толкуется [обычно указывает на то, что существо или растение А1 существует и внутри А1 идут биологические процессы и А1 развивается и изменяется]"
жить,1.2,NO_Nom,чувство-идея-нематериальный объект,ГДЕ,человек-социум,-,-,-,-,-,-,"А1 живет в А2 ‘Чувство, идея или иной немате риальный объект А1 существует у человека А2 или социума А2’.Ъ> Метонимические употребления применительно к душе и другим внутренним органам человека в роли A2: жить в душе <в памяти>."
жить,2.1,NO_Nom,человек-животное,КОГДА,время,-,-,-,-,-,-,А1 живет в А2 ‘Человек А1 живет 1.1 в период времени А2’ [по аналогии о животных]
жить,2.2,NO_Nom,существо,ГДЕ,место,-,-,-,-,-,-,А1 живет в А2 ‘Существо А1 длительное время живет 1.1 в месте А2’.
жить,2.2,NO_Nom,существо,с_Ins,человек,-,-,-,-,-,-,А1 живет в А2 ‘Существо А1 длительное время живет 1.1 в месте А2’.
жить,2.3,NO_Nom,человек,КАК,состояние-условия-цель,-,-,-,-,-,-,"А1 живет образом А2 ‘Человек А1 живет 1.1 в состоянии А2, в условиях А2, с целью А2 или по принципам А2’"
жить,3.1,NO_Nom,человек,с_Ins,человек,КАК,отношение,-,-,-,-,"А1 живет с А2 образом А3 ‘Человек А1 имеет отношения А3 с человеком А2, с которым он живет в одном месте’."
жить,3.2,NO_Nom,человек,с_Ins,человек,-,-,-,-,-,-,А1 живет с А2 ‘Человек А1 имеет сексуальные отношения с человеком А2’.
жить,4.1,NO_Nom,человек,на_Acc,материальные средства-способ,-,-,-,-,-,-,"А1 живет А2 ‘Человек А1 для того, чтобы жить 1.1, использует материальные ресурсы А2 или получает мате риальные ресурсы способом А2’"
жить,4.1,NO_Nom,человек,NO_Ins,материальные средства-способ,-,-,-,-,-,-,"А1 живет А2 ‘Человек А1 для того, чтобы жить 1.1, использует материальные ресурсы А2 или получает мате риальные ресурсы способом А2’"
жить,4.2,NO_Nom,человек,NO_Ins,объект,-,-,-,-,-,-,А1 живет А2 ‘Человек А1 сосредоточен исключительно на А2 - А2 как бы дает человеку А1 возможность жить 1.1’.
выполнять,1.1,NO_Nom,лицо,NO_Acc,ситуация,-,-,-,-,-,-,"А1 выполнил А2 ‘Лицо А1 сделало то, что нормально ожидается от адресата ситуации А2’."
выполнять,1.2,NO_Nom,человек-механизм,NO_Acc,работа,-,-,-,-,-,-,"А1 выполнил А2 ‘Человек или автономно функционирующий механизм А1 сделал то, что обозначено суще ствительным А2’."
выполнять,2.1,NO_Nom,человек,NO_Acc,объект,из_Gen,материал,-,-,-,-,А1 выполнил А2 из А3 ‘Человек А1 изготовил объект А2 из материала А3’.
выполнять,2.1,NO_Nom,человек,NO_Acc,объект,в_Loc,материал,-,-,-,-,А1 выполнил А2 из А3 ‘Человек А1 изготовил объект А2 из материала А3’.
выполнять,2.2,NO_Nom,человек,NO_Acc,изображение-надпись,NO_Ins,инструмент,NO_Ins,средство,на_Loc,поверхность объекта,А1 выполнил А2 с помощью A3 на А5 ‘Человек А1 сделал изображение или надпись А2 на поверхности объекта А5 средством А4 с помощью инструмента А3’.
выражать,1.1,NO_Nom,человек,NO_Acc,внутреннее состояние,NO_Ins,движение-часть тела,-,-,-,-,"А1 выразил А2 с помощью A3 ‘Внутреннее состояние А2 человека А1 стало доступным для восприятия, потому что человек А1 сделал движение А3 или движение частью А3 своего тела, которое является признаком того, что А1 находится в состоянии А2’ [чаще о контролируемом чело веком выражении внутреннего состояния]."
выражать,1.1,NO_Nom,человек,NO_Acc,внутреннее состояние,в_Loc,движение-часть тела,-,-,-,-,"А1 выразил А2 с помощью A3 ‘Внутреннее состояние А2 человека А1 стало доступным для восприятия, потому что человек А1 сделал движение А3 или движение частью А3 своего тела, которое является признаком того, что А1 находится в состоянии А2’ [чаще о контролируемом чело веком выражении внутреннего состояния]."
выражать,1.1,NO_Nom,человек,NO_Acc,внутреннее состояние,на_Loc,движение-часть тела,-,-,-,-,"А1 выразил А2 с помощью A3 ‘Внутреннее состояние А2 человека А1 стало доступным для восприятия, потому что человек А1 сделал движение А3 или движение частью А3 своего тела, которое является признаком того, что А1 находится в состоянии А2’ [чаще о контролируемом чело веком выражении внутреннего состояния]."
выражать,1.2,NO_Nom,внешний вид-часть тела,NO_Acc,свойство-состояние,-,-,-,-,-,-,"А1 выразил А2 ‘Внешний вид части А1 тела чело века сделал доступным для восприятия то, что он находится в эмоциональном состоянии А2 или имеет свойство А2’ [чаще о неконтролируемом человеком выражении внутреннего состояния или свойства]"
выражать,2.1,NO_Nom,человек,NO_Acc,информация-состояние,NO_Dat,человек,NO_Ins,средство-слова,-,-,"А1 выразил А2 человеку A3 с помощью А4 ‘Чело век А1 сказал А4 или совершил условное действие А4, чтобы сообщить человеку А3 информацию А2, обычно о своем эмоциональном или ментальном состоянии’"
выражать,2.1,NO_Nom,человек,NO_Acc,информация-состояние,NO_Dat,человек,с помощью_Gen,средство-слова,-,-,"А1 выразил А2 человеку A3 с помощью А4 ‘Чело век А1 сказал А4 или совершил условное действие А4, чтобы сообщить человеку А3 информацию А2, обычно о своем эмоциональном или ментальном состоянии’"
выражать,2.1,NO_Nom,человек,NO_Acc,информация-состояние,NO_Dat,человек,в_Loc,средство-слова,-,-,"А1 выразил А2 человеку A3 с помощью А4 ‘Чело век А1 сказал А4 или совершил условное действие А4, чтобы сообщить человеку А3 информацию А2, обычно о своем эмоциональном или ментальном состоянии’"
выражать,2.2,NO_Nom,человек,NO_Acc,мысль-чувство,NO_Ins,объект,-,-,-,-,"А1 выразил А2 в A3 ‘Человек А1, создав объект А3 или использовав готовый объект А3, выразил в нем мысль или чувство А2’ [часто о художественных произведениях в роли А3]"
выражать,2.2,NO_Nom,человек,NO_Acc,мысль-чувство,в_Loc,объект,-,-,-,-,"А1 выразил А2 в A3 ‘Человек А1, создав объект А3 или использовав готовый объект А3, выразил в нем мысль или чувство А2’ [часто о художественных произведениях в роли А3]"
выражать,2.2,NO_Nom,человек,NO_Acc,мысль-чувство,через_Acc,объект,-,-,-,-,"А1 выразил А2 в A3 ‘Человек А1, создав объект А3 или использовав готовый объект А3, выразил в нем мысль или чувство А2’ [часто о художественных произведениях в роли А3]"
выражать,3,NO_Nom,информационный объект,NO_Acc,информация,-,-,-,-,-,-,А1 выражает А2 ‘Информационный объект А1 содержит или способен содержать информацию А2’
выражать,4.1,NO_Nom,человек,NO_Acc,связь-взаимодействие,NO_Ins,формула,-,-,-,-,А1 выразил А2 через А3 ‘Человек А1 установил и сделал доступными для восприятия в виде формулы А3 внутреннюю связь или взаимодействие А2 между разными явлениями или свойствами какого-то объекта’.
выражать,4.1,NO_Nom,человек,NO_Acc,связь-взаимодействие,через_Acc,формула,-,-,-,-,А1 выразил А2 через А3 ‘Человек А1 установил и сделал доступными для восприятия в виде формулы А3 внутреннюю связь или взаимодействие А2 между разными явлениями или свойствами какого-то объекта’.
выражать,4.2,NO_Nom,человек,NO_Acc,параметр,в_Loc,единица измерения,-,-,-,-,А1 выразил А2 в A3 ‘Человек А1 измерил значе ние параметра А2 в единицах А3’.
выражать,4.2,NO_Nom,человек,NO_Acc,параметр,NO_Ins,единица измерения,-,-,-,-,А1 выразил А2 в A3 ‘Человек А1 измерил значе ние параметра А2 в единицах А3’.
выражать,4.2,NO_Nom,человек,NO_Acc,параметр,с помощью_Gen,единица измерения,-,-,-,-,А1 выразил А2 в A3 ‘Человек А1 измерил значе ние параметра А2 в единицах А3’.
закрывать,1,NO_Nom,непрозрачный объект,NO_Acc,объект,NO_Dat,наблюдатель,-,-,-,-,"А1 закрывает А2 от А3 ‘Непрозрачный объект А1 или его часть располагается между объектом А2 и наблюдателем А3 так, что А3 полностью или частично не видит А2’."
закрывать,1,NO_Nom,непрозрачный объект,NO_Acc,объект,от_Gen,наблюдатель,-,-,-,-,"А1 закрывает А2 от А3 ‘Непрозрачный объект А1 или его часть располагается между объектом А2 и наблюдателем А3 так, что А3 полностью или частично не видит А2’."
закрывать,2.1,NO_Nom,объект,NO_Acc,объект,от_Gen,негативный фактор,-,-,-,-,"А1 закрывает А2 от А3 ‘Объект А1 располага ется по отношению к объекту А2 таким образом, что препят ствует воздействию, обычно негативному, фактора А3 на А2 или его часть’"
закрывать,2.2,NO_Nom,человек,NO_Acc,объект,NO_Ins,объект,от_Gen,негативный фактор,-,-,"А1 закрывает А2 от А4 при помощи А3 ‘Человек А1 располагает объект А3 по отношению к объекту А2 таким образом, чтобы А3 препятствовал воздействию, обычно негативному, фактора А4 на А2 или его часть’."
закрывать,3.1,NO_Nom,лицо,NO_Acc,путь,-,-,-,-,-,-,"А1 закрывает А2 ‘Лицо А1 ставит преграду на пути А2, чтобы по этому пути нельзя было перемещаться’."
закрывать,3.2,NO_Nom,человек,NO_Acc,приспособление,-,-,-,-,-,-,А1 закрывает А2 ‘Человек А1 при помощи приспособления А2 ставит преграду на пути потока жидкости или газа и этим прекращает их перемещение’.
закрывать,4.1,NO_Nom,человек,NO_Acc,дверь,в_Acc,помещение-территория,на_Acc,ключ,-,-,"А1 закрывает А2 в А3 на А4 ‘Человек А1 распо лагает дверь или аналогичное приспособление А2 так, чтобы в помещение или на территорию А3 не было доступа, а также, возможно, делает А2 неподвижным с помощью А4 с той же целью’."
закрывать,4.1,NO_Nom,человек,NO_Acc,дверь,в_Acc,помещение-территория,NO_Ins,ключ,-,-,"А1 закрывает А2 в А3 на А4 ‘Человек А1 распо лагает дверь или аналогичное приспособление А2 так, чтобы в помещение или на территорию А3 не было доступа, а также, возможно, делает А2 неподвижным с помощью А4 с той же целью’."
закрывать,4.2,NO_Nom,человек,NO_Acc,вместилище,NO_Ins,объект-средство,-,-,-,-,А1 закрывает А2 при помощи А3 ‘Человек А1 загораживает при помощи А3 отверстие во вместилище А2’.
закрывать,5,NO_Nom,существо,NO_Acc,объект,-,-,-,-,-,-,"А1 закрывает А2 ‘Существо A1 сдвигает части объекта А2 так, что между ними не остается свободного пространства и объект A2 не используется’."
закрывать,6.1,NO_Nom,ответственное лицо,NO_Acc,учреждение,на_Acc,цель,на_Acc,срок,-,-,А1 закрыл А2 на А3 для А4 ‘Ответственное лицо прекратило доступ людей в учреждение А2 с целью А3 на срок А4’.
закрывать,6.2,NO_Nom,ответственное лицо,NO_Acc,учреждение-организация,-,-,-,-,-,-,"А1 закрыл А2 ‘Ответственное лицо А1 ликвиди ровало учреждение, предприятие или организацию А2’."
закрывать,7,NO_Nom,человек,NO_Acc,задолженность,-,-,-,-,-,-,А1 закрывает А2 ‘Человек А1 ликвидирует задолженность А2’.
закрывать,8,NO_Nom,человек,NO_Acc,программа,на_Loc,устройство,-,-,-,-,"А1 закрывает А2 на А3 ‘Человек А1, выполняя специальное действие на электронном устройстве А3, прекра щает доступ к информации, отображаемой в виде А2 на экране А3, или прекращает работу программы А2 устройства А3’."
закрывать,9,NO_Nom,лицо,NO_Acc,счет,-,-,-,-,-,-,"А1 закрывает А2 ‘Лицо А1 по договоренности с банком А3 ликвидирует информационный объект, имеющий номер А2, фиксирующий право А3 временно распоряжаться деньгами лица А1, приписанными к А2, и право А1 проводить финансовые операции с А2’."
закрывать,10,NO_Nom,человек,NO_Acc,мероприятие,-,-,-,-,-,-,"А1 закрывает А2 ‘Человек А1, обычно в торже ственной обстановке, осуществляет специальную процедуру, означающую завершение мероприятия А2’."
закрывать,11,NO_Nom,человек,NO_Acc,дискуссия-спор,-,-,-,-,-,-,"А1 закрыл А2 ‘Человек А1 перестал обсуждать А2 из-за того, что А2 неприятно, или из-за того, что он принял определенное решение относительно А2’."
закрывать,12,NO_Nom,человек,NO_Acc,процедура,-,-,-,-,-,-,А1 закрывает А2 ‘Человек А1 завершает специальную процедуру А2’.
замечать,1.1,NO_Nom,человек,NO_Acc,объект,ГДЕ,место,-,-,-,-,"А1 заметил А2 в А3 ‘Человек А1 увидел в месте А3 объект А2, хотя были обстоятельства, из-за которых он мог не увидеть А2’ [по аналогии о животных]"
замечать,1.2,NO_Nom,человек,NO_Acc,место-время-человек,-,-,-,-,-,-,"А1 заметил А2 ‘Восприняв А2 и считая А2 важным для своих дальнейших действий, человек А1 постарался запомнить А2’."
замечать,1.3,NO_Nom,человек,NO_Acc,ситуация,-,-,-,-,-,-,"А1 заметил А2 ‘Человек А1 на основании воспринятой им информации понял, что имеет место ситуация А2’."
замечать,2,NO_Ins,человек,NO_Nom,человек-объект,в_Loc,свойство-действие,-,-,-,-,А1 заметил А2 ‘Человек А1 обратил внимание на человека или объект А2 из-за его свойства или действий А3 и выделил А2 на этом основании среди других людей или объектов’.
замечать,3,NO_Nom,человек,NO_Acc,физическое явление,-,-,-,-,-,-,"А1 заметил А2 ‘Человек А1 воспринял своими органами чувств физическое явление А2, хотя А1 находился в таком состоянии, что мог его и не воспринять’ [по аналогии о животных]"
замечать,4,NO_Nom,человек,NO_Acc,явление-ситуация,в_Loc,место,-,-,-,-,"А1 заметил А2 ‘Наблюдая или изучая что-л., человек А1 приобрел знание, что в А3 имеет место явление или ситуация А2’."
замечать,5,NO_Nom,человек,-,-,-,-,-,-,-,-,"А1 заметил, что А2 ‘Человек А1 сделал выска зывание А2, которое, по его мнению или мнению говорящего, дополняет или уточняет мысль, ранее высказанную кем-то в том же разговоре’."
бросаться,1.1,NO_Nom,человек,NO_Ins,предмет,в_Acc,направление,-,-,-,-,А1 бросается А2 в А3 ‘Человек А1 в течение какого-то времени бросает небольшие предметы А2 в направ лении А3 с целью попасть в А3’.
бросаться,1.2,NO_Nom,человек,NO_Ins,деньги,-,-,-,-,-,-,"А1 бросается А2 ‘Человек А1, располагающий значительной суммой денег А2, расходует их слишком расточительно’."
бросаться,1.3,NO_Nom,человек,NO_Ins,слова-угроза,-,-,-,-,-,-,"А1 бросается А2 ‘Человек А1 говорит А2, обязывающее его к определенным действиям, хотя он не наме ревается или не может выполнить эти действия, причем говорящий отрицательно оценивает человека А1 или то, что он говорит’."
бросаться,2.1,NO_Nom,человек,КУДА,направление,-,-,-,-,-,-,"А1 бросается к А2 ‘Человек А1 внезапно и быстро начинает перемещаться в направлении А2, в А2 или на А2’."
бросаться,2.2,NO_Nom,человек,КУДА,положение-место,ОТКУДА,место,-,-,-,-,"А1 бросается в А2 с А3 ‘Резким движением оттолкнувшись от опоры А3 или от опоры в месте А3, человек А1 начинает перемещаться вниз в положение или место А2’"
бросаться,3,NO_Nom,человек-животное,на_Acc,объект,-,-,-,-,-,-,"А1 бросается на А2 ‘Человек или животное А1, внезапно вступив в контакт с человеком или объектом А2, пытается причинить вред А2’."
бросаться,4.2,NO_Nom,человек,в_Acc,дело,-,-,-,-,-,-,‘Внезапно начинать увлеченно или интенсивно заниматься делом А2’.
бросаться,5,NO_Nom,субстанция,в_Acc,часть тела,-,-,-,-,-,-,"А1 бросается в А2 ‘Субстанция А1 внезапно как бы заполняет часть тела А2, так что человек перестает чувствовать себя нормально’ [обычно о голове]"
добираться,1,NO_Nom,существо,до_Gen,место,ОТКУДА,место,NO_Ins,транспорт-средство,-,-,"А1 добрался до А2 из А3 способом А4 ‘Прило жив существенные усилия и затратив достаточно длительное время, существо А1 переместилось из места А3 в место А2 на транспортном средстве А4 или способом А4’."
добираться,1,NO_Nom,существо,в_Acc,место,ОТКУДА,место,NO_Ins,транспорт-средство,-,-,"А1 добрался до А2 из А3 способом А4 ‘Прило жив существенные усилия и затратив достаточно длительное время, существо А1 переместилось из места А3 в место А2 на транспортном средстве А4 или способом А4’."
добираться,1,NO_Nom,существо,на_Acc,место,ОТКУДА,место,NO_Ins,транспорт-средство,-,-,"А1 добрался до А2 из А3 способом А4 ‘Прило жив существенные усилия и затратив достаточно длительное время, существо А1 переместилось из места А3 в место А2 на транспортном средстве А4 или способом А4’."
добираться,1,NO_Nom,существо,к_Dat,место,ОТКУДА,место,NO_Ins,транспорт-средство,-,-,"А1 добрался до А2 из А3 способом А4 ‘Прило жив существенные усилия и затратив достаточно длительное время, существо А1 переместилось из места А3 в место А2 на транспортном средстве А4 или способом А4’."
добираться,1,NO_Nom,существо,до_Gen,место,ОТКУДА,место,на_Loc,транспорт-средство,-,-,"А1 добрался до А2 из А3 способом А4 ‘Прило жив существенные усилия и затратив достаточно длительное время, существо А1 переместилось из места А3 в место А2 на транспортном средстве А4 или способом А4’."
добираться,1,NO_Nom,существо,в_Acc,место,ОТКУДА,место,на_Loc,транспорт-средство,-,-,"А1 добрался до А2 из А3 способом А4 ‘Прило жив существенные усилия и затратив достаточно длительное время, существо А1 переместилось из места А3 в место А2 на транспортном средстве А4 или способом А4’."
добираться,1,NO_Nom,существо,на_Acc,место,ОТКУДА,место,на_Loc,транспорт-средство,-,-,"А1 добрался до А2 из А3 способом А4 ‘Прило жив существенные усилия и затратив достаточно длительное время, существо А1 переместилось из места А3 в место А2 на транспортном средстве А4 или способом А4’."
добираться,1,NO_Nom,существо,к_Dat,место,ОТКУДА,место,на_Loc,транспорт-средство,-,-,"А1 добрался до А2 из А3 способом А4 ‘Прило жив существенные усилия и затратив достаточно длительное время, существо А1 переместилось из места А3 в место А2 на транспортном средстве А4 или способом А4’."
добираться,1,NO_Nom,существо,до_Gen,место,ОТКУДА,место,в_Loc,транспорт-средство,-,-,"А1 добрался до А2 из А3 способом А4 ‘Прило жив существенные усилия и затратив достаточно длительное время, существо А1 переместилось из места А3 в место А2 на транспортном средстве А4 или способом А4’."
добираться,1,NO_Nom,существо,в_Acc,место,ОТКУДА,место,в_Loc,транспорт-средство,-,-,"А1 добрался до А2 из А3 способом А4 ‘Прило жив существенные усилия и затратив достаточно длительное время, существо А1 переместилось из места А3 в место А2 на транспортном средстве А4 или способом А4’."
добираться,1,NO_Nom,существо,на_Acc,место,ОТКУДА,место,в_Loc,транспорт-средство,-,-,"А1 добрался до А2 из А3 способом А4 ‘Прило жив существенные усилия и затратив достаточно длительное время, существо А1 переместилось из места А3 в место А2 на транспортном средстве А4 или способом А4’."
добираться,1,NO_Nom,существо,к_Dat,место,ОТКУДА,место,в_Loc,транспорт-средство,-,-,"А1 добрался до А2 из А3 способом А4 ‘Прило жив существенные усилия и затратив достаточно длительное время, существо А1 переместилось из места А3 в место А2 на транспортном средстве А4 или способом А4’."
добираться,2.1,NO_Nom,существо,до_Gen,объект,-,-,-,-,-,-,"А1 добрался до А2 ‘Существо А1, преодолев много трудностей на своем пути, получило доступ к объекту А2, чтобы сделать с А2 то, что А1 хочет’"
добираться,2.2,NO_Nom,человек,до_Gen,объект,-,-,-,-,-,-,"А1 добрался до А2 ‘В течение длительного времени и обычно с трудом делая что-то поочередно и в опреде ленном порядке с каждым из объектов, входящих в какую-то группу, и имея целью сделать это со всеми объектами, чело век А1 получил возможность сделать это с объектом А2, не первым в группе’."
добираться,3,NO_Nom,человек,до_Gen,свойство объекта или ситуации,-,-,-,-,-,-,"А1 добрался до А2 ‘Напряженно думая или собирая информацию о сложном объекте или ситуации и посте пенно понимая их все лучше, человек А1 в какой-то момент начал хорошо понимать неочевидные свойства А2 объекта или ситуации’."
закладывать,1,NO_Nom,человек,NO_Acc,объект-часть тела,за_Acc,часть тела,-,-,-,-,"А1 закладывает А2 за А3 ‘Человек А1 переме щает объект или часть своего тела А2 таким образом, что А2 оказывается позади или с внутренней стороны объекта или другой части тела А3, находясь при этом в контакте с А3 или очень близко от А3’."
закладывать,2.1,NO_Nom,человек,NO_Acc,объект,КУДА,пространство-полный объект,-,-,-,-,А1 закладывает А2 в А3 ‘Человек А1 помещает объект А2 в полый объект А3 или в замкнутое пространство А3’.
закладывать,2.2,NO_Nom,человек,NO_Acc,свойство-способность,в_Acc,сущность-объект,-,-,-,-,"А1 закладывает А2 в А3 ‘Человек А1 делает так, что абстрактная сущность или объект А3 приобретают свой ство или способность А2 - как бы помещает А2 внутрь А3, чтобы А2 проявилось спустя какое-то время’."
закладывать,2.3,NO_Nom,человек,NO_Acc,съестной продукт,в_Acc,полый объект,на_Acc,цель,-,-,"А1 закладывает А2 в А3 ‘Человек А1 помещает съестной продукт А2 в полый объект А3 или в замкнутое пространство А3 с целью А4, для достижения которой требуется достаточно большой промежуток времени’."
закладывать,2.4,NO_Nom,человек,NO_Acc,сырой съестной продукт,в_Acc,горячая жидкость,-,-,-,-,"А1 закладывает А2 в А3 ‘Человек А1 помещает сырой съестной продукт А2 в горячую жидкость А3, чтобы приготовить его’."
закладывать,2.5,NO_Nom,человек,NO_Acc,взрывное устройство,в_Acc,объект,-,-,-,-,"А1 закладывает А2 в А3 ‘Человек А1 помещает взрывчатое вещество или взрывное устройство внутрь объек та А3 или рядом с А3, с целью взорвать А3’."
закладывать,2.5,NO_Nom,человек,NO_Acc,взрывное устройство,под_Acc,объект,-,-,-,-,"А1 закладывает А2 в А3 ‘Человек А1 помещает взрывчатое вещество или взрывное устройство внутрь объек та А3 или рядом с А3, с целью взорвать А3’."
закладывать,3,NO_Nom,человек,NO_Acc,книга,NO_Ins,плоский объект,ГДЕ,место в книге,-,-,"А1 заложил А2 А3 ‘Человек А1 поместил между страницами книги или другого подобного объекта А2 в месте А4 плоский объект А3, чтобы было легко открыть А2 на этом месте’."
закладывать,4,NO_Nom,человек,NO_Acc,пустое пространство,NO_Ins,предметы,-,-,-,-,"А1 закладывает А2 А3 ‘Человек А1 заполняет пустое пространство А2 предметами А3, чтобы А2 перестало существовать’."
закладывать,5,NO_Nom,человек,NO_Acc,дверь,NO_Ins,приспособление,-,-,-,-,"А1 закладывает А2 на А3 ‘Человек А1 при помо щи приспособления А3, обычно крупного, или при помощи крупного предмета А3 делает так, чтобы А2 нельзя было открыть’ [А2 обычно дверь или ворота]"
закладывать,5,NO_Nom,человек,NO_Acc,дверь,на_Acc,приспособление,-,-,-,-,"А1 закладывает А2 на А3 ‘Человек А1 при помо щи приспособления А3, обычно крупного, или при помощи крупного предмета А3 делает так, чтобы А2 нельзя было открыть’ [А2 обычно дверь или ворота]"
закладывать,6,у_Gen,человек,NO_Acc,часть тела,-,-,-,-,-,-,"У А1 заложило А2 ‘Человек А1 чувствует, что полая часть А2 его тела переполнена чем-то, что распирает А2 изнутри, часто от скопления жидкости, отчего А2 не может правильно функционировать’ [А2 - преим. уши, нос]"
закладывать,6,NO_Dat,человек,NO_Acc,часть тела,-,-,-,-,-,-,"У А1 заложило А2 ‘Человек А1 чувствует, что полая часть А2 его тела переполнена чем-то, что распирает А2 изнутри, часто от скопления жидкости, отчего А2 не может правильно функционировать’ [А2 - преим. уши, нос]"
закладывать,7.1,NO_Nom,человек,NO_Acc,углубление,-,-,-,-,-,-,А1 закладывает А2 ‘Человек А1 выкапывает в земле большое углубление А2 или сооружает в выкопанном в земле углублении объект А2’.
закладывать,7.2,NO_Nom,человек,NO_Acc,объект,-,-,-,-,-,-,"А1 закладывает А2 ‘Человек А1 начинает строи тельство объекта А2, обычно укрепленного нижней частью в земле’."
закладывать,8,NO_Nom,человек,NO_Acc,лошадь,в_Acc,гужевое транспортное средство,-,-,-,-,А1 закладывает А2 в А3 ‘Человек А1 запрягает лошадь или другое тягловое животное А2 в гужевое транс портное средство А3 или в плуг’.
закладывать,9,NO_Nom,человек,NO_Acc,ценный предмет,в_Acc,специальное заведение,за_Acc,сумма денег,-,-,"А1 заложил А2 в А3 за А4 ‘Человек А1 отдал принадлежащий ему ценный предмет А2 в специальное заведение А3 и получил за А2 сумму денег А4 с условием, что А1 должен вернуть сумму А4 и проценты от нее в А3, а если этого не произойдет, А2 перейдет в собственность владельца А3’."
закладывать,9,NO_Nom,человек,NO_Acc,ценный предмет,в_Loc,специальное заведение,за_Acc,сумма денег,-,-,"А1 заложил А2 в А3 за А4 ‘Человек А1 отдал принадлежащий ему ценный предмет А2 в специальное заведение А3 и получил за А2 сумму денег А4 с условием, что А1 должен вернуть сумму А4 и проценты от нее в А3, а если этого не произойдет, А2 перейдет в собственность владельца А3’."
закладывать,9,NO_Nom,человек,NO_Acc,ценный предмет,NO_Dat,специальное заведение,за_Acc,сумма денег,-,-,"А1 заложил А2 в А3 за А4 ‘Человек А1 отдал принадлежащий ему ценный предмет А2 в специальное заведение А3 и получил за А2 сумму денег А4 с условием, что А1 должен вернуть сумму А4 и проценты от нее в А3, а если этого не произойдет, А2 перейдет в собственность владельца А3’."
закладывать,10,NO_Nom,человек,NO_Acc,ресурс,на_Acc,цель,-,-,-,-,"А1 закладывает А2 на А3 ‘Человек А1 планиру ет, что часть А2 какого-л. ресурса будет потрачена на А3’."
закладывать,11,NO_Nom,человек,NO_Acc,человек,NO_Dat,человек-инстанция,-,-,-,-,"А1 закладывает А2 лицу А3 ‘Человек А1 расска зывает о плохом поступке человека А2 человеку А3 или пред ставителям инстанции А3, имеющим власть наказать А2’."
внушать,1,NO_Nom,человек,NO_Acc,идея,NO_Dat,человек,-,-,-,-,"А1 внушил A3 идею А2 ‘Человек А1, желая, чтобы человек А3 считал, что А2 истинно, сказал А3 то, что застави ло А3 так считать, возможно оказав на него психологическое давление’."
внушать,2,NO_Nom,человек-явление,NO_Acc,чувство,NO_Dat,человек,-,-,-,-,"А1 внушает человеку А3 чувство А2 ‘Человек или явление А1 являются причиной того, что у человека А3 возникает чувство А2’."
ассоциироваться,1,NO_Nom,образ-явление,с_Ins,образ-явление,у_Gen,человек,-,-,-,-,"А1 ассоциируется у А3 с А2 ‘Обычно, когда в сознании человека А3 возникает образ объекта или явления А1, это вызывает в его сознании образ объекта или явления А2, причем часто между А1 и А2 нет реальной связи и один из них более конкретен, чем другой’."
ассоциироваться,1,NO_Nom,образ-явление,с_Ins,образ-явление,в_Loc,сознание-голова,-,-,-,-,"А1 ассоциируется у А3 с А2 ‘Обычно, когда в сознании человека А3 возникает образ объекта или явления А1, это вызывает в его сознании образ объекта или явления А2, причем часто между А1 и А2 нет реальной связи и один из них более конкретен, чем другой’."
грызть,1.1,NO_Nom,существо,NO_Acc,твердый объект,-,-,-,-,-,-,"А1 грызет А2 ‘Поедая твердый объект А2, суще ство А1 с усилием откусывает зубами от А2 небольшие части’"
грызть,1.2,NO_Nom,существо,NO_Acc,объект,-,-,-,-,-,-,А1 грызет А2 ‘Существо А1 раскусывает твер дую оболочку объекта А2 и съедает А2’.
грызть,2,NO_Nom,существо,NO_Acc,существо-часть тела,-,-,-,-,-,-,А1 грызет А2 ‘Существо А1 неоднократно и сильно кусает существо А2 или часть А2 его тела’.
грызть,3,NO_Nom,существо,NO_Acc,предмет-часть тела,в_Loc,состояние,-,-,-,-,"А1 грызет А2 ‘Существо А1 в состоянии беспокойства или сосредоточенности А3 часто сдавливает зубами несъедобный предмет А2 или часть А2 своего тела, обычно не осознавая этого’."
грызть,3,NO_Nom,существо,NO_Acc,предмет-часть тела,от_Gen,состояние,-,-,-,-,"А1 грызет А2 ‘Существо А1 в состоянии беспокойства или сосредоточенности А3 часто сдавливает зубами несъедобный предмет А2 или часть А2 своего тела, обычно не осознавая этого’."
грызть,4,NO_Nom,человек,NO_Acc,человек,ПРЕДЛ,слова,за_Acc,действие-свойство,-,-,"А1 грызет А2 за А4 ‘Считая плохими действия или свойства А4 человека А2 и желая выразить свои чувства, человек А1 долго говорит или много раз повторяет непри ятные для А2 слова А3’."
грызть,5,NO_Nom,мысль-чувство,NO_Acc,человек,-,-,-,-,-,-,"А1 грызет А2 ‘Неприятное чувство или мысль А1 является причиной того, что человек А2 длительное время испытывает душевный дискомфорт, - А1 как бы грызет А2’."
грезить,1,NO_Nom,человек,о_Loc,образ объекта-событие,-,-,-,-,-,-,"А1 грезит об А2 ‘Человек А1 находится в таком ментальном состоянии, при котором часто или постоянно в воображении А1 присутствует образ объекта А2 или как бы происходит желаемое им событие А2’."
грезить,2,NO_Nom,человек,NO_Ins,положение дел,-,-,-,-,-,-,"А1 грезит об А2 ‘Человек А1 очень хочет, чтобы имело место желаемое им положение дел А2’."
грезить,2,NO_Nom,человек,о_Loc,положение дел,-,-,-,-,-,-,"А1 грезит об А2 ‘Человек А1 очень хочет, чтобы имело место желаемое им положение дел А2’."
глушить,1,NO_Nom,звук,-,-,-,-,-,-,-,-,"А1 глушит А2 ‘Звук А1 воздействует на живое существо А2 так, что А2 перестает на какое-то время слышать или слух его постепенно ухудшается’."
глушить,2.1,NO_Nom,человек,NO_Acc,звук,NO_Ins,звук,-,-,-,-,"А1 глушит А2 посредством А3 ‘Человек А1 делает менее слышными или неслышными звуки А2, производя более громкие звуки А3 одновременно с А2’."
глушить,2.2,NO_Nom,фактор,NO_Acc,звук,-,-,-,-,-,-,"А1 глушит А2 ‘Фактор А1, существуя одновре менно со звуком А2, является причиной того, что А2 стано вится менее слышным или неслышным’ [А1 - более громкий звук или какая-л. субстанция]"
глушить,2.3,NO_Nom,лицо,NO_Acc,средство связи,NO_Ins,специальное устройство,-,-,-,-,"А1 глушит А2 с помощью А3 ‘Лицо А1, желая, чтобы устный текст, передаваемый по средству связи А2, нельзя было услышать, мешает его услышать, производя одновре менно с ним более громкие звуки или создавая помехи, обычно с помощью специального устройства А3’."
глушить,3.1,NO_Nom,человек,NO_Acc,живое существо,NO_Ins,предмет-часть тела,-,-,-,-,"А1 глушит А2 с помощью А3 ‘Человек А1 с силой ударяет предметом или частью тела А3 живое существо А2 по голове или использует средство А3 так, что А2 теряет сознание или умирает’."
глушить,3.2,NO_Nom,человек,NO_Acc,человек,NO_Ins,средство,-,-,-,-,"А1 глушит А2 ‘Человек А1 воздействует на человека А2 сильнодействующими средствами А3 в большом количестве, так что его сознание перестает полноценно функ ционировать’ [А1 и А2 могут совпадать]"
глушить,4.1,NO_Nom,человек,NO_Acc,состояние,NO_Ins,объект,-,-,-,-,"А1 глушит А2 с помощью А3 ‘Человек А1, желая прекратить нежелательное для себя эмоциональное или физическое состояние А2, использует А3, в результате чего А2 становится менее интенсивным или перестает существовать’."
глушить,4.2,NO_Nom,фактор,NO_Acc,состояние-способность,-,-,-,-,-,-,"А1 глушит А2 ‘Воздействие фактора А1 приво дит к тому, что эмоциональное, ментальное или физическое состояние или способность А2 человека А1 становятся менее интенсивными или перестают существовать’."
глушить,4.3,NO_Nom,лицо,NO_Acc,человек,-,-,-,-,-,-,‘Лицо А1 делает что-то по отношению к человеку А2 с целью ограничить свободу действий А2’ [А1 может совпадать с А2]
глушить,4.4,NO_Nom,растение,NO_Acc,растение,-,-,-,-,-,-,"‘Растение А1 мешает растению А2 нормально развиваться, находясь слишком близко от него и тем самым создавая для А2 недостаток света, места или влаги’."
глушить,5,-,-,NO_Acc,устройство,-,-,-,-,-,-,‘Переводить устройство А2 из рабочего состоя ния в нерабочее’.
глушить,6,-,-,NO_Acc,алкоголь,-,-,-,-,-,-,"‘Пить алкогольные напитки А2 в большом коли честве, часто большими порциями’."
воскресать,1,NO_Nom,существо,-,-,-,-,-,-,-,-,"А1 воскрес ‘Существо А1, которое было мерт вым, стало живым в результате Божественного замысла или в результате действия Бога или существа, наделенного особыми возможностями’ [обычно о людях или Боге в образе человека]"
воскресать,2.1,NO_Nom,человек,-,-,-,-,-,-,-,-,"А1 воскрес ‘Человек А1, который был в очень плохом физическом или психологическом состоянии, вернулся в нормальное состояние’ [по аналогии - о животных и растениях]"
воскресать,2.2,NO_Nom,объект,из_Gen,плохое состояние,-,-,-,-,-,-,"А1 воскрес ‘Объект А1, который был в очень плохом состоянии А2, был разрушен или не функционировал, снова начал нормально существовать или функционировать’"
воскресать,3,NO_Nom,явление,-,-,-,-,-,-,-,-,"А1 воскрес ‘Явление А1, которое исчезло, опять возникло’ [часто о явлениях внутреннего мира человека - чувствах, воспоминаниях, мыслях]"
ворочать,1,NO_Nom,человек-животное,NO_Acc,объект,NO_Ins,инструмент-руки-лапы,-,-,-,-,"А1 ворочает А2 с помощью A3 ‘Человек или животное А1 перемещают или двигают тяжелый объект А2, обыч но переворачивая его руками, лапами или инструментом А3’"
ворочать,2.1,NO_Nom,человек,NO_Ins,инструмент,-,-,-,-,-,-,"‘Человек А1 с усилием работает инструментом А2, поворачивая его, преодолевая сопротивление среды, в которой инструмент двигается’."
ворочать,2.2,NO_Nom,человек-животное,NO_Ins,орган-часть тела,-,-,-,-,-,-,"А1 ворочает А2 ‘Человек или животное А1 с усилием двигает органом или частью тела А2 из-за тревоги, усталости или болезни, как бы преодолевая сопротивление’"
ворочать,2.3,NO_Nom,лицо,NO_Ins,деятельность,-,-,-,-,-,-,"‘Лицо А1 управляет деятельностью А2 или деятельностью, связанной с объектом А2, что требует от него очень больших усилий’."
вынуждать,1,NO_Nom,человек,NO_Acc,человек,к_Dat,действие,NO_Ins,средство,-,-,"А1 вынудил А2 сделать A3 ‘Человек А1, сделав А4, добился этим того, что человек А2, который не хотел или которому было неприятно делать А3, не мог не сделать А3’ [по аналогии - о животных в роли А1 или А2]."
вынуждать,1,NO_Nom,человек,NO_Acc,человек,у_Gen,действие,NO_Ins,средство,-,-,"А1 вынудил А2 сделать A3 ‘Человек А1, сделав А4, добился этим того, что человек А2, который не хотел или которому было неприятно делать А3, не мог не сделать А3’ [по аналогии - о животных в роли А1 или А2]."
вынуждать,2,NO_Nom,ситуация-явление,NO_Acc,лицо,к_Dat,действие,-,-,-,-,"А1 вынудил А2 сделать A3 ‘Ситуация или явление А1 было причиной того, что лицо А2, которое не намеревалось делать А3, не могло этого не сделать’."
действовать,1.1,NO_Nom,человек,NO_Ins,инструмент,-,-,-,-,-,-,"‘Делая что-л. для достижения своей цели, двигать инструмент A2, обычно держа его в руке, или часть своего тела A2’"
действовать,2.1,NO_Nom,устройство-часть тела,-,-,-,-,-,-,-,-,"‘Выполнять свои функции’ [об устройствах и частях тела]."   
действовать,2.2,NO_Nom,объект,на_Loc,место,-,-,-,-,-,-,"‘Существуя длительное время в месте A2, объект A1 занимается присущей ему деятельностью’ [об организациях или группах людей]."
действовать,2.2,NO_Nom,объект,в_Loc,место,-,-,-,-,-,-,"‘Существуя длительное время в месте A2, объект A1 занимается присущей ему деятельностью’ [об организациях или группах людей]."
действовать,2.3,-,-,в_Loc,произведение,-,-,-,-,-,-,"‘Быть персонажем художественного произведения A2’ [обычно о литературе, театре и кино]"
действовать,3,NO_Nom,объект,с_Gen,время,-,-,-,-,-,-,"A1 действует в период A2: ‘Объект A1 официально признается выполняющим свое предназначение во время A2 или до момента A2, утрачивая это свойство в другое время’ [A1 - документ, закон и т. п.]"
действовать,3,NO_Nom,объект,до_Gen,время,-,-,-,-,-,-,"A1 действует в период A2: ‘Объект A1 официально признается выполняющим свое предназначение во время A2 или до момента A2, утрачивая это свойство в другое время’ [A1 - документ, закон и т. п.]"
действовать,3,NO_Nom,объект,по_Acc,время,-,-,-,-,-,-,"A1 действует в период A2: ‘Объект A1 официально признается выполняющим свое предназначение во время A2 или до момента A2, утрачивая это свойство в другое время’ [A1 - документ, закон и т. п.]"
действовать,3,NO_Nom,объект,в течение_Gen,время,-,-,-,-,-,-,"A1 действует в период A2: ‘Объект A1 официально признается выполняющим свое предназначение во время A2 или до момента A2, утрачивая это свойство в другое время’ [A1 - документ, закон и т. п.]"
действовать,3,NO_Nom,объект,NO_Acc,время,-,-,-,-,-,-,"A1 действует в период A2: ‘Объект A1 официально признается выполняющим свое предназначение во время A2 или до момента A2, утрачивая это свойство в другое время’ [A1 - документ, закон и т. п.]"
действовать,4,NO_Nom,фактор-объект,на_Acc,объект,-,-,-,-,-,-,"A1 действует на A2 ‘Фактор или объект A1 является причиной изменений A3 в объекте A2’"
возглавлять,1,NO_Nom,человек,NO_Acc,группа людей-деятельность,-,-,-,-,-,-,"А1 возглавляет А2 ‘Человек А1 руководит группой людей А2 или деятельностью А2’."
возглавлять,2,NO_Nom,объект,NO_Acc,группа однородных объектов,-,-,-,-,-,-,"‘Располагаться в начале группы однородных объектов А2, что обычно связано с относительной важностью"
завершать,1.1,NO_Nom,человек,NO_Acc,сооружение,NO_Ins,элемент,-,-,-,-,"А1 завершил сооружение А2 элементомА3 ‘Человек А1, создавая сооружение А2, расположил на его верху элемент А3 в качестве части А2, существенной для его функционирования или внешнего вида’."
завершать,1.2,NO_Nom,элемент,NO_Acc,сооружение,-,-,-,-,-,-,"А1 завершает сооружение А2 ‘Элемент А1 сооружения А2 является верхней частью А2, существенной для его внешнего вида и целостности сооружения’."
завершать,2.1,NO_Nom,человек,NO_Acc,действие-деятельность,-,-,-,-,-,-,"А1 завершил А2 ‘Человек А1 перестал осуществлять действие или деятельность А2 или работать над созданием объекта А2, так как цель была достигнута’."
завершать,2.2,NO_Nom,человек,NO_Acc,действие-деятельность,NO_Ins,элемент,-,-,-,-,"А1 завершил А2 элементом А3 ‘Человек А1 перестал осуществлять действие или деятельность А2 или создавать объект А2, и последним элементом А2 было действие А3, существенное для А2’"
завершать,2.3,NO_Nom,часть произведения,NO_Acc,произведение,-,-,-,-,-,-,"А1 завершает А2 ‘Часть А1 произведения А2 является последним элементом А2, существенным для общего смысла А2’"