Verb,Model,ModelSize,Indices,Examples,Size,Coverage,VerbMeaning
запасать,NO_Acc,0.251,"198  ","усилие,сила  ",60,0.16,1
запасать,на_Acc,0.04,"14  ","день,время  ",45,0.072463768,1
запасать,NO_Acc,0.251,"380  ","резерв,запас  ",35,0.857142857,1
запасать,NO_Acc,0.251,"-  ","-  ",34,0,
запасать,NO_Acc,0.251,"29  ","клетка,организм  ",33,0.083333333,
запасать,NO_Acc,0.251,"543  ","продукт,товар  ",31,0.5,1
запасать,NO_Acc,0.251,"98  ","вода,воздух  ",31,0.111111111,1
запасать,NO_Acc,0.251,"186  ","еда,пища  ",31,0.1875,1
запасать,NO_Acc,0.251,"104  ","число,количество  ",30,0.066666667,
запасать,в_Loc,0.12,"29  ","клетка,организм  ",20,0.116666667,
запасать,в_Loc,0.12,"-  ","-  ",19,0,
запасать,в_Loc,0.12,"489  ","аккумулятор,батарея  ",18,0.4,
запасать,в_Loc,0.12,"21  ","гора,холм  ",17,0.033492823,
запасать,NO_Acc,0.251,"483  ","дрова,полено  ",14,0.2,1
запасать,с_Gen,0.009,"14  ","день,время  ",12,0.036231884,
запасать,NO_Gen,0.059,"186  ","еда,пища  ",12,0.1875,1
запасать,в_Loc,0.12,"104  ","число,количество  ",11,0.066666667,
запасать,NO_Gen,0.059,"36  ","молоко,мясо  ",10,0.053571429,1
запасать,NO_Gen,0.059,"483  ","дрова,полено  ",10,0.2,1
запасать,NO_Nom,0.046,"-  ","-  ",10,0,
запасать,на_Acc  NO_Acc,0.049,"14  -  ","день,время  -  ",10,0.007246377,
запасать,на_Acc  NO_Acc,0.049,"14  483  ","день,время  дрова,полено  ",10,0.103623188,
запасать,на_Acc,0.04,"118  ","ситуация,случай  ",10,0.045454545,1
запасать,NO_Acc,0.251,"85  ","газ,топливо  ",10,0.133333333,1
запасать,NO_Gen,0.059,"98  ","вода,воздух  ",9,0.037037037,
запасать,NO_Acc,0.251,"192  ","вещество,кислота  ",9,0.0625,1
запасать,NO_Ins,0.027,"-  ","-  ",8,0,
запасать,в_Loc,0.12,"241  ","основа,основание  ",8,0.076923077,
запасать,в_Loc,0.12,"50  ","шкаф,ящик  ",8,0.065217391,
запасать,в_Loc,0.12,"4  ","нога,рука  ",8,0.009803922,
запасать,NO_Acc,0.251,"244  ","сахар,соль  ",8,0.384615385,1
запасать,NO_Gen,0.059,"85  ","газ,топливо  ",7,0.066666667,1
запасать,NO_Acc,0.251,"376  ","орех,семечко  ",7,0.285714286,1
запасать,NO_Ins,0.027,"14  ","день,время  ",7,0.036231884,
запасать,на_Acc  NO_Acc,0.049,"14  198  ","день,время  усилие,сила  ",6,0.030869565,
запасать,NO_Nom,0.046,"161  ","часть,половина  ",6,0.047619048,
запасать,NO_Nom,0.046,"29  ","клетка,организм  ",6,0.033333333,1
запасать,NO_Acc  NO_Acc,0.009,"224  224  ","сигарета,сигара  сигарета,сигара  ",6,0.035714286,
запасать,NO_Acc,0.251,"5  ","одежда,костюм  ",6,0.020547945,
запасать,NO_Acc  в_Loc,0.032,"198  489  ","усилие,сила  аккумулятор,батарея  ",6,0.22,
запасать,NO_Acc,0.251,"84  ","оружие,пистолет  ",5,0.033333333,
запасать,в_Loc,0.12,"3  ","страна,регион  ",5,0.015957447,
запасать,в_Loc,0.12,"58  ","кожа,волос  ",5,0.025,
запасать,в_Loc,0.12,"253  ","вид,форма  ",5,0.083333333,
запасать,NO_Acc,0.251,"116  ","рыба,рыбка  ",5,0.090909091,1
запасать,в_Acc,0.007,"59  ","путь,дорога  ",5,0.025,
запасать,NO_Acc,0.251,"36  ","молоко,мясо  ",5,0.089285714,1
запасать,NO_Nom,0.046,"2  ","русский,немец  ",5,0.004739336,1
запасать,на_Acc,0.04,"436  ","перспектива,будущее  ",5,0.166666667,1
запасать,NO_Ins,0.027,"141  ","способ,метод  ",5,0.157894737,
запасать,NO_Acc,0.251,"33  ","овощ,фрукт  ",5,0.070175439,1
запасать,NO_Gen,0.059,"33  ","овощ,фрукт  ",5,0.052631579,1
запасать,NO_Gen,0.059,"29  ","клетка,организм  ",5,0.033333333,
запасать,на_Acc  NO_Acc,0.049,"14  417  ","день,время  солома,сено  ",5,0.086956522,
запасать,NO_Acc,0.251,"142  ","семя,плод  ",5,0.157894737,1
запасать,NO_Gen,0.059,"417  ","солома,сено  ",5,0.166666667,1
запасать,на_Acc  NO_Acc,0.049,"14  186  ","день,время  еда,пища  ",4,0.104619565,
запасать,на_Acc  NO_Acc,0.049,"118  244  ","ситуация,случай  сахар,соль  ",4,0.061188811,
запасать,на_Acc  NO_Acc,0.049,"14  33  ","день,время  овощ,фрукт  ",4,0.029938978,
запасать,NO_Gen,0.059,"84  ","оружие,пистолет  ",4,0.1,
запасать,в_Loc,0.12,"142  ","семя,плод  ",4,0.105263158,
запасать,в_Loc,0.12,"161  ","часть,половина  ",4,0.142857143,
запасать,NO_Gen,0.059,"77  ","вино,пиво  ",4,0.0625,
запасать,за_Acc,0.002,"14  ","день,время  ",4,0.02173913,
запасать,NO_Gen,0.059,"376  ","орех,семечко  ",4,0.142857143,1
запасать,NO_Nom  NO_Acc,0.038,"-  198  ","-  усилие,сила  ",4,0.02,
запасать,NO_Nom  NO_Acc,0.038,"29  29  ","клетка,организм  клетка,организм  ",4,0.041666667,
запасать,NO_Acc  к_Dat,0.004,"543  28  ","продукт,товар  стол,столик  ",4,0.131666667,
запасать,на_Acc  NO_Acc,0.049,"14  543  ","день,время  продукт,товар  ",4,0.132246377,
запасать,на_Loc,0.009,"-  ","-  ",4,0,
запасать,в_Loc,0.12,"589  ","конденсатор,резистор  ",4,0.333333333,
запасать,NO_Acc,0.251,"288  ","кислород,водород  ",4,0.1,
запасать,NO_Acc,0.251,"153  ","фонарь,лампа  ",4,0.055555556,
запасать,NO_Acc,0.251,"77  ","вино,пиво  ",4,0.09375,
запасать,NO_Acc,0.251,"16  ","дерево,куст  ",4,0.037735849,
запасать,NO_Gen,0.059,"380  ","резерв,запас  ",3,0.285714286,1
запасать,NO_Ins,0.027,"30  ","система,механизм  ",3,0.033333333,
запасать,NO_Acc,0.251,"115  ","рубль,доллар  ",3,0.090909091,
запасать,NO_Gen,0.059,"16  ","дерево,куст  ",3,0.028301887,
запасать,NO_Gen,0.059,"237  ","пыль,грязь  ",3,0.153846154,
запасать,NO_Acc  для_Gen,0.022,"65  178  ","ветер,ветерок  чемпионат,турнир  ",3,0.042569659,
запасать,NO_Ins,0.027,"21  ","гора,холм  ",3,0.009569378,
запасать,NO_Nom  NO_Ins  NO_Acc,0.005,"2  152  142  ","русский,немец  сотня,десяток  семя,плод  ",3,0.037642157,
запасать,в_Acc,0.007,"14  ","день,время  ",3,0.02173913,
запасать,NO_Acc  для_Gen,0.022,"489  57  ","аккумулятор,батарея  визит,поездка  ",3,0.106024096,
запасать,в_Loc,0.12,"85  ","газ,топливо  ",3,0.1,
запасать,NO_Acc,0.251,"161  ","часть,половина  ",3,0.095238095,
запасать,NO_Acc,0.251,"784  ","электричество,электроэнергия  ",3,1,1
запасать,на_Acc  NO_Acc,0.049,"14  376  ","день,время  орех,семечко  ",3,0.07505176,
запасать,NO_Acc  NO_Acc,0.009,"-  224  ","-  сигарета,сигара  ",3,0.035714286,
запасать,на_Acc  NO_Acc,0.049,"14  29  ","день,время  клетка,организм  ",3,0.020289855,
запасать,NO_Acc,0.251,"152  ","сотня,десяток  ",3,0.055555556,
запасать,для_Gen,0.013,"-  ","-  ",3,0,
запасать,NO_Acc,0.251,"417  ","солома,сено  ",3,0.166666667,1
запасать,NO_Nom,0.046,"380  ","резерв,запас  ",3,0.428571429,
запасать,NO_Ins,0.027,"16  ","дерево,куст  ",3,0.018867925,
запасать,по_Dat,0.003,"69  ","инвестиция,вложение  ",3,0.00862069,
запасать,NO_Nom,0.046,"1  ","животное,собака  ",3,0.009950249,1
запасать,NO_Nom,0.046,"483  ","дрова,полено  ",3,0.4,
запасать,NO_Nom,0.046,"289  ","преимущество,достоинство  ",3,0.1,
запасать,NO_Gen  на_Acc,0.013,"186  14  ","еда,пища  день,время  ",3,0.038496377,1
запасать,NO_Acc,0.251,"170  ","конструкция,каркас  ",3,0.058823529,
запасать,возле_Gen,0.002,"70  ","станция,вокзал  ",3,0.027777778,
запасать,NO_Gen  на_Acc,0.013,"483  14  ","дрова,полено  день,время  ",3,0.107246377,1
запасать,NO_Acc  в_Loc,0.032,"198  253  ","усилие,сила  вид,форма  ",3,0.061666667,
запасать,NO_Gen  с_Gen,0.002,"180  3  ","цвет,оттенок  страна,регион  ",3,0.032071339,
запасать,в_Loc,0.12,"10  ","машина,автомобиль  ",3,0.020833333,
запасать,NO_Acc  при_Loc,0.004,"198  76  ","усилие,сила  проведение,выполнение  ",3,0.035151515,
запасать,в_Loc,0.12,"265  ","нора,гнездо  ",3,0.181818182,
запасать,в_Loc,0.12,"16  ","дерево,куст  ",3,0.018867925,
запасать,в_Loc  NO_Nom,0.014,"-  85  ","-  газ,топливо  ",3,0.016666667,
запасать,на_Loc,0.009,"3  ","страна,регион  ",3,0.010638298,
запасать,к_Dat,0.004,"14  ","день,время  ",3,0.014492754,
запасать,NO_Acc  в_Loc,0.032,"198  -  ","усилие,сила  -  ",2,0.02,
запасать,NO_Nom  NO_Acc  для_Gen,0.003,"152  417  63  ","сотня,десяток  солома,сено  насекомое,муравей  ",2,0.082846004,
запасать,NO_Ins,0.027,"8  ","человек,женщина  ",2,0.009009009,
запасать,для_Gen,0.013,"1  ","животное,собака  ",2,0.004975124,
запасать,NO_Nom,0.046,"12  ","отец,брат  ",2,0.009852217,1
запасать,из_Gen,0.002,"0  ","дом,здание  ",2,0.003703704,
запасать,NO_Nom  NO_Acc,0.038,"1  29  ","животное,собака  клетка,организм  ",2,0.013308458,
запасать,в_Acc  для_Gen,0.001,"65  -  ","ветер,ветерок  -  ",2,0.013157895,
запасать,NO_Acc  в_Loc,0.032,"186  265  ","еда,пища  нора,гнездо  ",2,0.076704545,
запасать,для_Gen  на_Acc,0.002,"1  14  ","животное,собака  день,время  ",2,0.008598313,
запасать,NO_Nom  NO_Acc,0.038,"2  98  ","русский,немец  вода,воздух  ",2,0.023257855,1
запасать,NO_Ins,0.027,"4  ","нога,рука  ",2,0.004901961,
запасать,с_Ins,0.001,"302  ","дефицит,нехватка  ",2,0.111111111,
запасать,в_Acc  NO_Gen,0.001,"14  376  ","день,время  орех,семечко  ",2,0.07505176,
запасать,NO_Loc,0.001,"-  ","-  ",2,0,
запасать,во время_Gen,0.002,"-  ","-  ",2,0,
запасать,NO_Nom  NO_Acc  для_Gen,0.003,"21  198  38  ","гора,холм  усилие,сила  нападение,атака  ",2,0.021101069,
запасать,NO_Nom  в виде_Gen,0.001,"104  -  ","число,количество  -  ",2,0.016666667,
запасать,NO_Nom,0.046,"288  ","кислород,водород  ",2,0.1,
запасать,NO_Acc  в_Loc,0.032,"21  265  ","гора,холм  нора,гнездо  ",2,0.04784689,
запасать,NO_Acc  в_Loc,0.032,"-  -  ","-  -  ",2,0,
запасать,NO_Acc  в_Loc,0.032,"198  109  ","усилие,сила  точка,сторона  ",2,0.040833333,
запасать,NO_Nom,0.046,"489  ","аккумулятор,батарея  ",2,0.2,
запасать,NO_Nom,0.046,"16  ","дерево,куст  ",2,0.009433962,
запасать,NO_Acc  в_Loc,0.032,"468  -  ","снасть,удочка  -  ",2,0.1,
запасать,NO_Acc  в_Loc,0.032,"98  109  ","вода,воздух  точка,сторона  ",2,0.039351852,
запасать,NO_Acc  в_Loc,0.032,"198  150  ","усилие,сила  волна,поток  ",2,0.047777778,
запасать,NO_Nom,0.046,"214  ","причина,повод  ",2,0.142857143,
запасать,NO_Nom,0.046,"21  ","гора,холм  ",2,0.009569378,
запасать,для_Gen  NO_Nom,0.003,"327  141  ","ремонт,обслуживание  способ,метод  ",2,0.081871345,
запасать,для_Gen  NO_Nom,0.003,"1  405  ","животное,собака  мишка,медвежонок  ",2,0.073916134,
запасать,NO_Acc  в_Loc,0.032,"98  -  ","вода,воздух  -  ",2,0.018518519,
запасать,NO_Acc  в_Loc,0.032,"89  238  ","данные,информация  мысль,воспоминание  ",2,0.044275492,
запасать,NO_Gen  около_Gen,0.001,"98  17  ","вода,воздух  чашка,стакан  ",2,0.024847632,
запасать,NO_Acc  под_Ins,0.002,"36  65  ","молоко,мясо  ветер,ветерок  ",2,0.022086466,
запасать,NO_Acc  в_Acc  в виде_Gen,0.001,"198  14  29  ","усилие,сила  день,время  клетка,организм  ",2,0.021304348,
запасать,NO_Nom  NO_Acc,0.038,"-  289  ","-  преимущество,достоинство  ",2,0.05,
запасать,за_Acc  NO_Gen  за_Acc,0.001,"14  142  4  ","день,время  семя,плод  нога,рука  ",2,0.021593306,
запасать,в_Loc  в виде_Gen,0.001,"70  -  ","станция,вокзал  -  ",2,0.013888889,
запасать,NO_Gen  по_Dat,0.001,"85  3  ","газ,топливо  страна,регион  ",2,0.019326241,
запасать,NO_Acc  для_Gen,0.022,"152  264  ","сотня,десяток  подарок,сюрприз  ",2,0.073232323,
запасать,NO_Nom  NO_Acc,0.038,"29  288  ","клетка,организм  кислород,водород  ",2,0.058333333,1
запасать,NO_Acc  для_Gen,0.022,"406  73  ","бумага,бумажка  журнал,газета  ",2,0.081043956,
запасать,NO_Nom  NO_Acc,0.038,"501  104  ","гормон,инсулин  число,количество  ",2,0.116666667,
запасать,NO_Nom  NO_Acc,0.038,"489  198  ","аккумулятор,батарея  усилие,сила  ",2,0.12,
запасать,NO_Acc  NO_Nom  NO_Acc,0.002,"29  29  14  ","клетка,организм  клетка,организм  день,время  ",2,0.007971014,
запасать,NO_Nom  NO_Acc,0.038,"63  -  ","насекомое,муравей  -  ",2,0.013157895,
запасать,NO_Acc  для_Gen,0.022,"380  59  ","резерв,запас  путь,дорога  ",2,0.083928571,
запасать,NO_Ins  с_Gen,0.001,"75  14  ","слуга,раб  день,время  ",2,0.01581831,
запасать,NO_Ins  при_Loc,0.001,"-  226  ","-  движение,перемещение  ",2,0.035714286,
запасать,в_Loc  NO_Nom,0.014,"0  483  ","дом,здание  дрова,полено  ",2,0.101851852,
запасать,в_Loc  NO_Nom,0.014,"-  329  ","-  вес,килограмм  ",2,0.055555556,
запасать,NO_Ins  в_Loc,0.002,"29  86  ","клетка,организм  сумка,чемодан  ",2,0.025,
запасать,NO_Acc  для_Gen,0.022,"181  18  ","сайт,страница  война,бой  ",2,0.034620098,
запасать,NO_Nom  на_Acc  NO_Acc  в_Acc,0.001,"1  14  186  0  ","животное,собака  день,время  еда,пища  дом,здание  ",2,0.019606301,
запасать,за_Acc  NO_Acc,0.001,"14  0  ","день,время  дом,здание  ",2,0.00547504,
запасать,NO_Ins  по_Dat,0.001,"299  14  ","хозяин,владелец  день,время  ",2,0.053623188,
запасать,в_Loc  NO_Nom,0.014,"104  98  ","число,количество  вода,воздух  ",2,0.035185185,
запасать,про_Acc,0.001,"14  ","день,время  ",2,0.007246377,
запасать,NO_Acc  NO_Acc  для_Gen,0.001,"14  380  13  ","день,время  резерв,запас  генерал,полковник  ",2,0.051644813,
запасать,у_Gen  NO_Acc,0.001,"498  141  ","граница,предел  способ,метод  ",2,0.126315789,
запасать,NO_Ins,0.027,"12  ","отец,брат  ",2,0.004926108,
запасать,NO_Nom  на_Acc  NO_Acc  в_Loc,0.002,"1  14  16  98  ","животное,собака  день,время  дерево,куст  вода,воздух  ",2,0.014673125,
запасать,на_Acc,0.04,"13  ","генерал,полковник  ",2,0.004830918,
запасать,NO_Gen  к_Dat  на_Acc,0.001,"85  7  161  ","газ,топливо  луч,свет  часть,половина  ",2,0.029251701,
запасать,NO_Acc  в_Loc,0.032,"543  50  ","продукт,товар  шкаф,ящик  ",2,0.135869565,
запасать,при_Loc  NO_Acc  в_Loc,0.002,"711  198  297  ","торможение,разгон  усилие,сила  начало,конец  ",2,0.213333333,
запасать,NO_Nom  к_Dat  в_Loc  NO_Acc,0.001,"1  14  29  90  ","животное,собака  день,время  клетка,организм  камень,песок  ",2,0.016150613,
запасать,на_Acc  от_Gen,0.001,"14  82  ","день,время  заболевание,болезнь  ",2,0.019752221,
запасать,NO_Acc  в виде_Gen,0.002,"198  113  ","усилие,сила  темп,скорость  ",2,0.04173913,
запасать,в отличие от_Gen  NO_Acc,0.001,"117  163  ","отношение,связь  поцелуй,прикосновение  ",2,0.050505051,
запасать,NO_Ins,0.027,"489  ","аккумулятор,батарея  ",2,0.4,
запасать,NO_Nom  на_Acc  NO_Gen,0.002,"1  14  186  ","животное,собака  день,время  еда,пища  ",2,0.024907167,1
запасать,под_Ins,0.002,"191  ","влияние,воздействие  ",2,0.125,
запасать,NO_Ins,0.027,"1  ","животное,собака  ",2,0.004975124,
запасать,в_Loc,0.12,"0  ","дом,здание  ",2,0.007407407,
запасать,NO_Ins  NO_Acc,0.009,"14  198  ","день,время  усилие,сила  ",2,0.023623188,
запасать,в_Loc,0.12,"98  ","вода,воздух  ",2,0.074074074,
запасать,NO_Ins  NO_Acc,0.009,"141  85  ","способ,метод  газ,топливо  ",2,0.042982456,
запасать,NO_Ins  NO_Acc,0.009,"14  85  ","день,время  газ,топливо  ",2,0.020289855,
запасать,NO_Gen,0.059,"198  ","усилие,сила  ",2,0.04,
запасать,NO_Gen,0.059,"209  ","препарат,лекарство  ",2,0.066666667,1
запасать,NO_Ins  NO_Acc,0.009,"14  186  ","день,время  еда,пища  ",2,0.034873188,
запасать,NO_Gen,0.059,"-  ","-  ",2,0,
запасать,NO_Nom  на_Acc,0.007,"29  14  ","клетка,организм  день,время  ",2,0.011956522,1
запасать,в_Loc  NO_Gen,0.005,"70  85  ","станция,вокзал  газ,топливо  ",2,0.030555556,
запасать,NO_Nom  на_Acc,0.007,"-  14  ","-  день,время  ",2,0.007246377,
запасать,в_Loc  на_Acc,0.004,"0  14  ","дом,здание  день,время  ",2,0.00547504,
запасать,NO_Acc,0.251,"21  ","гора,холм  ",2,0.009569378,
запасать,NO_Nom  NO_Ins  NO_Acc,0.005,"12  14  -  ","отец,брат  день,время  -  ",2,0.004057495,
запасать,NO_Nom  NO_Ins  NO_Acc,0.005,"20  141  138  ","император,царь  способ,метод  бомба,снаряд  ",2,0.037280702,
запасать,NO_Nom  на_Acc,0.007,"7  14  ","луч,свет  день,время  ",2,0.007024549,
запасать,в_Loc,0.12,"36  ","молоко,мясо  ",2,0.035714286,
запасать,в_Acc,0.007,"18  ","война,бой  ",2,0.010416667,
запасать,в_Loc,0.12,"214  ","причина,повод  ",2,0.071428571,
запасать,на_Loc,0.009,"9  ","корабль,судно  ",2,0.008849558,
запасать,в_Loc,0.12,"318  ","кость,череп  ",2,0.222222222,
запасать,в_Loc,0.12,"256  ","нить,нитка  ",2,0.166666667,
запасать,в_Loc,0.12,"259  ","уровень,показатель  ",2,0.083333333,
запасать,в_Loc,0.12,"86  ","сумка,чемодан  ",2,0.066666667,
запасать,в_Loc,0.12,"127  ","колесо,вал  ",2,0.095238095,
запасать,в_Loc,0.12,"117  ","отношение,связь  ",2,0.045454545,
запасать,в_Loc,0.12,"234  ","диск,накопитель  ",2,0.076923077,
запасать,в_Loc,0.12,"130  ","давление,напряжение  ",2,0.047619048,
запасать,в_Loc,0.12,"192  ","вещество,кислота  ",2,0.0625,
запасать,в_Loc,0.12,"66  ","двигатель,мотор  ",2,0.023809524,
запасать,в_Loc,0.12,"170  ","конструкция,каркас  ",2,0.058823529,
запасать,в_Loc,0.12,"123  ","поверхность,слой  ",2,0.047619048,
запасать,в виде_Gen,0.004,"-  ","-  ",2,0,
запасать,NO_Acc,0.251,"0  ","дом,здание  ",2,0.007407407,
запасать,на_Loc,0.009,"101  ","магазин,салон  ",2,0.028571429,
запасать,NO_Gen  на_Acc,0.013,"186  13  ","еда,пища  генерал,полковник  ",2,0.036080918,
запасать,NO_Nom  NO_Acc  на_Acc,0.01,"-  161  14  ","-  часть,половина  день,время  ",2,0.018288475,
запасать,на_Acc  NO_Acc,0.049,"14  16  ","день,время  дерево,куст  ",2,0.013057151,
запасать,на_Acc  NO_Acc,0.049,"14  142  ","день,время  семя,плод  ",2,0.056254767,
запасать,NO_Acc,0.251,"41  ","маг,колдун  ",2,0.02,
запасать,NO_Acc,0.251,"181  ","сайт,страница  ",2,0.058823529,
запасать,NO_Acc,0.251,"490  ","снаряжение,экипировка  ",2,0.2,1
запасать,NO_Acc,0.251,"183  ","золото,серебро  ",2,0.0625,1
запасать,NO_Acc,0.251,"8  ","человек,женщина  ",2,0.009009009,
запасать,NO_Acc  на_Loc,0.003,"65  3  ","ветер,ветерок  страна,регион  ",2,0.015817469,
запасать,на_Acc  NO_Acc,0.049,"14  98  ","день,время  вода,воздух  ",2,0.044283414,
запасать,NO_Acc,0.251,"141  ","способ,метод  ",2,0.052631579,
запасать,NO_Acc  в_Acc,0.005,"-  59  ","-  путь,дорога  ",2,0.0125,
запасать,NO_Acc  в_Acc,0.005,"198  14  ","усилие,сила  день,время  ",2,0.027246377,
запасать,NO_Nom  NO_Acc  на_Acc,0.01,"1  16  14  ","животное,собака  дерево,куст  день,время  ",2,0.007218488,1
запасать,NO_Acc,0.251,"302  ","дефицит,нехватка  ",2,0.111111111,
запасать,NO_Gen  на_Acc,0.013,"36  14  ","молоко,мясо  день,время  ",2,0.01255176,1
запасать,NO_Gen  на_Acc,0.013,"85  14  ","газ,топливо  день,время  ",2,0.020289855,1
запасать,на_Acc  NO_Acc,0.049,"8  380  ","человек,женщина  резерв,запас  ",2,0.075933076,
запасать,на_Acc  NO_Acc,0.049,"59  33  ","путь,дорога  овощ,фрукт  ",2,0.02127193,
запасать,NO_Gen  на_Acc,0.013,"380  14  ","резерв,запас  день,время  ",2,0.07505176,1
запасать,на_Acc  NO_Acc,0.049,"14  85  ","день,время  газ,топливо  ",2,0.020289855,
запасать,NO_Ins  на_Acc,0.002,"8  14  ","человек,женщина  день,время  ",1,0.008127693,
запасать,для_Gen  на_Acc,0.002,"332  34  ","охлаждение,нагрев  слово,мнение  ",1,0.061237374,
запасать,из_Gen,0.002,"21  ","гора,холм  ",1,0.004784689,
запасать,из_Gen,0.002,"84  ","оружие,пистолет  ",1,0.033333333,
запасать,во время_Gen,0.002,"14  ","день,время  ",1,0.007246377,
запасать,NO_Nom  к_Dat,0.002,"3  14  ","страна,регион  день,время  ",1,0.006282763,
запасать,в_Loc  NO_Gen,0.005,"302  -  ","дефицит,нехватка  -  ",1,0.055555556,
запасать,в_Loc  NO_Gen,0.005,"21  417  ","гора,холм  солома,сено  ",1,0.085725678,
запасать,во время_Gen,0.002,"65  ","ветер,ветерок  ",1,0.026315789,
запасать,в_Loc  NO_Gen,0.005,"104  417  ","число,количество  солома,сено  ",1,0.1,
запасать,NO_Ins  на_Acc,0.002,"13  18  ","генерал,полковник  война,бой  ",1,0.007623792,
запасать,NO_Ins  на_Acc,0.002,"-  14  ","-  день,время  ",1,0.003623188,
запасать,NO_Ins  на_Acc,0.002,"299  14  ","хозяин,владелец  день,время  ",1,0.053623188,
запасать,NO_Acc  в_Acc,0.005,"244  -  ","сахар,соль  -  ",1,0.038461538,
запасать,NO_Nom  к_Dat,0.002,"104  14  ","число,количество  день,время  ",1,0.020289855,
запасать,NO_Acc  в_Acc,0.005,"98  -  ","вода,воздух  -  ",1,0.018518519,
запасать,NO_Acc  в_Acc,0.005,"98  50  ","вода,воздух  шкаф,ящик  ",1,0.029388084,
запасать,под_Ins,0.002,"130  ","давление,напряжение  ",1,0.047619048,
запасать,NO_Nom  NO_Ins  NO_Acc,0.005,"1  186  32  ","животное,собака  еда,пища  дракон,змея  ",1,0.028339661,
запасать,на_Loc  NO_Nom,0.002,"145  428  ","высота,расстояние  шар,шарик  ",1,0.100574713,
запасать,на_Loc  NO_Nom,0.002,"109  186  ","точка,сторона  еда,пища  ",1,0.052083333,
запасать,для_Gen  на_Acc,0.002,"208  14  ","печь,печка  день,время  ",1,0.036956522,
запасать,на_Loc  NO_Nom,0.002,"469  -  ","ферма,ранчо  -  ",1,0.1,
запасать,NO_Nom  к_Dat,0.002,"12  297  ","отец,брат  начало,конец  ",1,0.052463054,
запасать,в_Loc  NO_Gen,0.005,"302  543  ","дефицит,нехватка  продукт,товар  ",1,0.180555556,
запасать,NO_Acc  в_Acc,0.005,"198  65  ","усилие,сила  ветер,ветерок  ",1,0.033157895,
запасать,NO_Acc  в_Acc,0.005,"784  14  ","электричество,электроэнергия  день,время  ",1,0.253623188,
запасать,NO_Acc  в виде_Gen,0.002,"198  21  ","усилие,сила  гора,холм  ",1,0.022392344,
запасать,NO_Acc  от_Gen,0.002,"104  70  ","число,количество  станция,вокзал  ",1,0.030555556,
запасать,в_Loc  NO_Gen,0.005,"104  186  ","число,количество  еда,пища  ",1,0.047916667,
запасать,NO_Nom  NO_Acc  в_Loc,0.006,"1  98  29  ","животное,собака  вода,воздух  клетка,организм  ",1,0.019559609,
запасать,в_Loc  NO_Gen,0.005,"-  329  ","-  вес,килограмм  ",1,0.055555556,
запасать,NO_Gen  NO_Acc,0.003,"188  104  ","металл,сталь  число,количество  ",1,0.047916667,
запасать,в_Loc  в_Loc,0.002,"14  21  ","день,время  гора,холм  ",1,0.006015533,
запасать,NO_Nom  NO_Acc  для_Gen,0.003,"8  98  6  ","человек,женщина  вода,воздух  удовольствие,радость  ",1,0.016928461,
запасать,NO_Acc  к_Dat,0.004,"50  0  ","шкаф,ящик  дом,здание  ",1,0.012721417,
запасать,NO_Acc  под_Ins,0.002,"483  4  ","дрова,полено  нога,рука  ",1,0.10245098,
запасать,в_Loc  на_Acc,0.004,"241  118  ","основа,основание  ситуация,случай  ",1,0.061188811,
запасать,в_Loc  на_Acc,0.004,"3  14  ","страна,регион  день,время  ",1,0.006282763,
запасать,в_Loc  на_Acc,0.004,"16  14  ","дерево,куст  день,время  ",1,0.00834017,
запасать,в_Loc  на_Acc,0.004,"265  14  ","нора,гнездо  день,время  ",1,0.049077734,
запасать,в_Loc  на_Acc,0.004,"104  14  ","число,количество  день,время  ",1,0.020289855,
запасать,для_Gen  NO_Gen,0.004,"73  17  ","журнал,газета  чашка,стакан  ",1,0.015944499,
запасать,для_Gen  NO_Gen,0.004,"-  483  ","-  дрова,полено  ",1,0.1,
запасать,NO_Acc  с_Ins,0.002,"198  175  ","усилие,сила  помощь,поддержка  ",1,0.049411765,
запасать,NO_Acc  с_Ins,0.002,"7  76  ","луч,свет  проведение,выполнение  ",1,0.010977118,
запасать,NO_Acc  с_Ins,0.002,"138  302  ","бомба,снаряд  дефицит,нехватка  ",1,0.081871345,
запасать,NO_Acc  с_Ins,0.002,"198  229  ","усилие,сила  использование,применение  ",1,0.058461538,
запасать,для_Gen  NO_Gen,0.004,"38  84  ","нападение,атака  оружие,пистолет  ",1,0.025925926,
запасать,к_Dat,0.004,"297  ","начало,конец  ",1,0.1,
запасать,для_Gen  NO_Gen,0.004,"327  180  ","ремонт,обслуживание  цвет,оттенок  ",1,0.08496732,
запасать,по_Dat,0.003,"117  ","отношение,связь  ",1,0.045454545,
запасать,по_Dat,0.003,"141  ","способ,метод  ",1,0.052631579,
запасать,для_Gen  NO_Gen,0.004,"13  543  ","генерал,полковник  продукт,товар  ",1,0.127415459,
запасать,для_Gen  NO_Nom,0.003,"57  621  ","визит,поездка  карточка,карта  ",1,0.172690763,
запасать,для_Gen  NO_Gen,0.004,"-  98  ","-  вода,воздух  ",1,0.018518519,
запасать,NO_Gen  NO_Acc,0.003,"549  -  ","капля,капелька  -  ",1,0.125,
запасать,NO_Gen  NO_Acc,0.003,"29  307  ","клетка,организм  слух,сплетня  ",1,0.063888889,
запасать,NO_Acc  на_Loc,0.003,"98  0  ","вода,воздух  дом,здание  ",1,0.02037037,
запасать,NO_Gen  NO_Acc,0.003,"84  14  ","оружие,пистолет  день,время  ",1,0.020289855,
запасать,NO_Acc  на_Loc,0.003,"543  101  ","продукт,товар  магазин,салон  ",1,0.139285714,
запасать,NO_Acc  на_Loc,0.003,"483  106  ","дрова,полено  улыбка,усмешка  ",1,0.12,
запасать,NO_Acc  на_Loc,0.003,"483  2  ","дрова,полено  русский,немец  ",1,0.102369668,
запасать,NO_Acc  под_Ins,0.002,"36  28  ","молоко,мясо  стол,столик  ",1,0.015595238,
запасать,NO_Acc  к_Dat,0.004,"85  14  ","газ,топливо  день,время  ",1,0.020289855,
запасать,NO_Acc  к_Dat,0.004,"329  28  ","вес,килограмм  стол,столик  ",1,0.062222222,
запасать,NO_Acc  при помощи_Gen,0.002,"98  30  ","вода,воздух  система,механизм  ",1,0.026851852,
запасать,к_Dat,0.004,"592  ","чай,кофе  ",1,0.333333333,
запасать,в_Loc  в_Loc,0.002,"104  -  ","число,количество  -  ",1,0.016666667,
запасать,в_Loc  в_Loc,0.002,"104  560  ","число,количество  сундук,шкатулка  ",1,0.141666667,
запасать,в_Loc  в_Loc,0.002,"3  395  ","страна,регион  благо,благополучие  ",1,0.074088146,
запасать,NO_Acc  NO_Nom  NO_Acc,0.002,"-  253  -  ","-  вид,форма  -  ",1,0.027777778,
запасать,NO_Acc  NO_Nom  NO_Acc,0.002,"244  253  -  ","сахар,соль  вид,форма  -  ",1,0.053418803,
запасать,к_Dat,0.004,"42  ","праздник,торжество  ",1,0.019230769,
запасать,NO_Ins  в_Loc,0.002,"4  104  ","нога,рука  число,количество  ",1,0.019117647,
запасать,к_Dat,0.004,"142  ","семя,плод  ",1,0.052631579,
запасать,NO_Acc  при_Loc,0.004,"198  80  ","усилие,сила  создание,разработка  ",1,0.030638298,
запасать,NO_Gen  NO_Acc,0.003,"4  -  ","нога,рука  -  ",1,0.00245098,
запасать,NO_Acc  при_Loc,0.004,"198  711  ","усилие,сила  торможение,разгон  ",1,0.27,
запасать,NO_Ins  в_Loc,0.002,"-  283  ","-  процесс,процедура  ",1,0.05,
запасать,NO_Acc  при_Loc,0.004,"198  7  ","усилие,сила  луч,свет  ",1,0.023401361,
запасать,NO_Gen  NO_Nom,0.002,"244  16  ","сахар,соль  дерево,куст  ",1,0.04317852,1
запасать,NO_Acc  при_Loc,0.004,"198  -  ","усилие,сила  -  ",1,0.02,
запасать,NO_Gen  NO_Nom,0.002,"198  154  ","усилие,сила  пассажир,водитель  ",1,0.047777778,1
запасать,NO_Gen  NO_Nom,0.002,"454  -  ","макияж,помада  -  ",1,0.1,
запасать,NO_Gen  NO_Nom,0.002,"-  65  ","-  ветер,ветерок  ",1,0.013157895,
запасать,в виде_Gen,0.004,"198  ","усилие,сила  ",1,0.04,
запасать,NO_Acc  при помощи_Gen,0.002,"198  98  ","усилие,сила  вода,воздух  ",1,0.038518519,
запасать,NO_Acc  при помощи_Gen,0.002,"198  288  ","усилие,сила  кислород,водород  ",1,0.07,
запасать,NO_Acc  при помощи_Gen,0.002,"198  -  ","усилие,сила  -  ",1,0.02,
запасать,в виде_Gen,0.004,"85  ","газ,топливо  ",1,0.033333333,
запасать,в виде_Gen,0.004,"36  ","молоко,мясо  ",1,0.017857143,
запасать,в виде_Gen,0.004,"172  ","частица,молекула  ",1,0.058823529,
запасать,в виде_Gen,0.004,"58  ","кожа,волос  ",1,0.025,
запасать,для_Gen  NO_Gen,0.004,"-  344  ","-  дрянь,гадость  ",1,0.0625,
запасать,NO_Gen  до_Gen,0.001,"483  364  ","дрова,полено  трагедия,катастрофа  ",1,0.1625,
запасать,NO_Acc  от_Gen,0.002,"172  130  ","частица,молекула  давление,напряжение  ",1,0.053221289,
запасать,NO_Acc  под_Acc,0.001,"180  180  ","цвет,оттенок  цвет,оттенок  ",1,0.058823529,
запасать,NO_Gen  в_Acc  в_Loc,0.001,"98  17  395  ","вода,воздух  чашка,стакан  благо,благополучие  ",1,0.064184136,
запасать,NO_Gen  NO_Dat,0.001,"186  -  ","еда,пища  -  ",1,0.03125,
запасать,NO_Gen  у_Gen,0.001,"24  74  ","меч,клинок  лошадь,конь  ",1,0.021638655,
запасать,в_Loc  с_Gen  NO_Nom  в_Loc,0.001,"81  297  196  35  ","стремление,желание  начало,конец  список,перечень  храм,церковь  ",1,0.054195469,
запасать,на_Acc  на_Loc,0.001,"118  9  ","ситуация,случай  корабль,судно  ",1,0.027152051,
запасать,при_Loc  на_Loc  в_Loc,0.001,"280  101  104  ","возможность,необходимость  магазин,салон  число,количество  ",1,0.050937951,
запасать,за_Ins,0.001,"4  ","нога,рука  ",1,0.004901961,
запасать,NO_Nom  NO_Nom  NO_Nom,0.001,"2  3  -  ","русский,немец  страна,регион  -  ",1,0.003352828,
запасать,из_Par,0.001,"0  ","дом,здание  ",1,0.003703704,
запасать,на_Loc  в_Loc,0.001,"9  50  ","корабль,судно  шкаф,ящик  ",1,0.015294344,
запасать,в_Loc  NO_Gen  на_Acc,0.001,"13  543  152  ","генерал,полковник  продукт,товар  сотня,десяток  ",1,0.103462158,
запасать,NO_Acc  на_Acc  по_Dat,0.001,"14  2  239  ","день,время  русский,немец  модуль,блок  ",1,0.029636263,
запасать,NO_Acc  на_Loc  в_Loc  перед_Ins,0.001,"543  101  297  44  ","продукт,товар  магазин,салон  начало,конец  снижение,увеличение  ",1,0.097451846,
запасать,NO_Nom  на_Loc  в_Loc  перед_Ins,0.001,"64  101  297  44  ","компания,фирма  магазин,салон  начало,конец  снижение,увеличение  ",1,0.039951846,
запасать,NO_Acc  в_Acc  на_Acc,0.001,"98  17  118  ","вода,воздух  чашка,стакан  ситуация,случай  ",1,0.031716603,
запасать,в_Acc  NO_Ins  NO_Acc  на_Acc,0.001,"14  473  16  14  ","день,время  итог,результат  дерево,куст  день,время  ",1,0.055981679,
запасать,NO_Nom  из_Gen  NO_Gen  на_Acc,0.001,"74  423  98  14  ","лошадь,конь  колодец,скважина  вода,воздух  день,время  ",1,0.059880377,
запасать,NO_Nom  около_Gen  в_Loc,0.001,"3  329  241  ","страна,регион  вес,килограмм  основа,основание  ",1,0.064451112,
запасать,вместо_Gen  NO_Acc,0.001,"-  104  ","-  число,количество  ",1,0.016666667,
запасать,NO_Acc  NO_Nom  против_Gen,0.001,"90  -  -  ","камень,песок  -  -  ",1,0.011904762,
запасать,NO_Ins  за_Acc,0.001,"-  14  ","-  день,время  ",1,0.003623188,
запасать,NO_Acc  NO_Loc,0.001,"188  29  ","металл,сталь  клетка,организм  ",1,0.039583333,
запасать,на_Loc  за_Acc  NO_Acc,0.001,"145  14  104  ","высота,расстояние  день,время  число,количество  ",1,0.025020823,
запасать,NO_Acc  без_Gen  в_Loc,0.001,"784  280  489  ","электричество,электроэнергия  возможность,необходимость  аккумулятор,батарея  ",1,0.263636364,
запасать,на_Loc  на_Acc  NO_Gen,0.001,"21  14  186  ","гора,холм  день,время  еда,пища  ",1,0.024843689,
запасать,перед_Ins  NO_Acc,0.001,"38  543  ","нападение,атака  продукт,товар  ",1,0.134259259,
запасать,на_Acc  у_Gen  NO_Nom,0.001,"118  8  211  ","ситуация,случай  человек,женщина  правило,требование  ",1,0.04037674,
запасать,NO_Nom  NO_Nom,0.001,"209  252  ","препарат,лекарство  фотография,снимок  ",1,0.075,
запасать,NO_Gen  из_Gen,0.001,"98  21  ","вода,воздух  гора,холм  ",1,0.020910863,
запасать,в качестве_Gen  NO_Nom,0.001,"101  96  ","магазин,салон  ракета,истребитель  ",1,0.032804233,
запасать,NO_Gen  на_Acc  NO_Gen  NO_Gen  NO_Gen  NO_Gen  NO_Gen  NO_Gen  NO_Gen,0.001,"244  14  244  244  244  98  36  592  36  ","сахар,соль  день,время  сахар,соль  сахар,соль  сахар,соль  вода,воздух  молоко,мясо  чай,кофе  молоко,мясо  ",1,0.080113705,
запасать,для_Gen  на_Loc  около_Gen,0.001,"76  -  329  ","проведение,выполнение  -  вес,килограмм  ",1,0.042087542,
запасать,NO_Nom  NO_Gen  NO_Nom,0.001,"395  406  40  ","благо,благополучие  бумага,бумажка  представитель,руководитель  ",1,0.097100293,
запасать,к_Dat  на_Loc,0.001,"297  101  ","начало,конец  магазин,салон  ",1,0.064285714,
запасать,в течение_Gen,0.001,"14  ","день,время  ",1,0.007246377,
запасать,при помощи_Gen,0.001,"489  ","аккумулятор,батарея  ",1,0.2,
запасать,на_Loc  в течение_Gen,0.001,"123  14  ","поверхность,слой  день,время  ",1,0.027432712,
запасать,NO_Dat  на_Acc  NO_Acc,0.001,"13  9  104  ","генерал,полковник  корабль,судно  число,количество  ",1,0.01567127,
запасать,NO_Acc  из_Gen  на_Acc  NO_Nom,0.001,"16  0  483  417  ","дерево,куст  дом,здание  дрова,полено  солома,сено  ",1,0.094951083,
запасать,NO_Acc  без_Gen,0.001,"198  166  ","усилие,сила  бриллиант,алмаз  ",1,0.049411765,
запасать,NO_Acc  по_Dat  для_Gen  на_Acc,0.001,"90  211  25  118  ","камень,песок  правило,требование  команда,группа  ситуация,случай  ",1,0.040164003,
запасать,на_Acc  NO_Gen  для_Gen,0.001,"14  -  12  ","день,время  -  отец,брат  ",1,0.004057495,
запасать,из_Gen  в_Loc,0.001,"17  0  ","чашка,стакан  дом,здание  ",1,0.008180966,
запасать,у_Gen  на_Acc,0.001,"93  118  ","полиция,полицейский  ситуация,случай  ",1,0.030080214,
запасать,сверх_Gen  NO_Gen,0.001,"629  16  ","мера,степень  дерево,куст  ",1,0.171383648,
запасать,NO_Acc  с_Gen  с_Gen,0.001,"21  14  21  ","гора,холм  день,время  гора,холм  ",1,0.005605252,
запасать,NO_Nom  на_Loc  в_Loc  для_Gen,0.001,"609  42  104  118  ","набор,комплект  праздник,торжество  число,количество  ситуация,случай  ",1,0.107837995,
запасать,под_Acc,0.001,"297  ","начало,конец  ",1,0.1,
запасать,NO_Ins  за_Acc  для_Gen,0.001,"29  14  80  ","клетка,организм  день,время  создание,разработка  ",1,0.015063213,
запасать,в_Nom,0.001,"12  ","отец,брат  ",1,0.004926108,
запасать,до_Gen,0.001,"14  ","день,время  ",1,0.007246377,
запасать,NO_Nom  у_Gen,0.001,"380  405  ","резерв,запас  мишка,медвежонок  ",1,0.142857143,
запасать,NO_Nom  на_Acc  для_Gen,0.001,"90  14  -  ","камень,песок  день,время  -  ",1,0.014320221,
запасать,NO_Ins  в виде_Gen,0.001,"109  198  ","точка,сторона  усилие,сила  ",1,0.040833333,
запасать,в_Loc  в_Loc  в_Loc  в_Loc  NO_Loc,0.001,"21  -  21  16  359  ","гора,холм  -  гора,холм  дерево,куст  мусор,хлам  ",1,0.028800668,
запасать,для_Gen  в_Loc  в_Loc,0.001,"338  104  -  ","задача,цель  число,количество  -  ",1,0.052777778,
запасать,в_Loc  во время_Gen,0.001,"104  18  ","число,количество  война,бой  ",1,0.021875,
запасать,на_Loc  у_Gen  NO_Nom,0.001,"67  -  86  ","сцена,театр  -  сумка,чемодан  ",1,0.019883041,
запасать,NO_Nom  на_Acc  в_Loc,0.001,"380  -  35  ","резерв,запас  -  храм,церковь  ",1,0.053571429,
запасать,в_Acc  от_Gen,0.001,"17  12  ","чашка,стакан  отец,брат  ",1,0.008792168,
запасать,NO_Ins  во время_Gen,0.001,"14  -  ","день,время  -  ",1,0.003623188,
запасать,в течение_Gen  NO_Acc  с_Gen,0.001,"14  186  14  ","день,время  еда,пища  день,время  ",1,0.025664251,
запасать,NO_Acc  в_Loc  после_Gen,0.001,"161  428  44  ","часть,половина  шар,шарик  снижение,увеличение  ",1,0.07517389,
запасать,NO_Ins  в_Loc  NO_Acc  на_Acc,0.001,"14  265  302  14  ","день,время  нора,гнездо  дефицит,нехватка  день,время  ",1,0.054128239,
запасать,при_Loc  NO_Nom  NO_Acc  в_Loc,0.001,"-  615  198  21  ","-  катушка,обмотка  усилие,сила  гора,холм  ",1,0.094529506,
запасать,при_Loc  NO_Nom  NO_Acc,0.001,"-  -  198  ","-  -  усилие,сила  ",1,0.013333333,
запасать,NO_Ins  в_Loc  NO_Gen,0.001,"14  265  186  ","день,время  нора,гнездо  еда,пища  ",1,0.053551823,
запасать,NO_Nom  NO_Acc  NO_Ins  NO_Acc,0.001,"-  29  14  181  ","-  клетка,организм  день,время  сайт,страница  ",1,0.020684143,
запасать,NO_Nom  NO_Acc  NO_Nom,0.001,"-  16  -  ","-  дерево,куст  -  ",1,0.003144654,
запасать,NO_Nom  NO_Acc  в_Loc  в_Loc,0.001,"391  192  285  29  ","бактерия,микроорганизм  вещество,кислота  концентрация,содержание  клетка,организм  ",1,0.080505952,
запасать,на_Acc  перед_Ins,0.001,"198  57  ","усилие,сила  визит,поездка  ",1,0.026024096,
запасать,во время_Gen  на_Acc  NO_Acc,0.001,"654  14  -  ","пост,должность  день,время  -  ",1,0.11352657,
запасать,NO_Nom  NO_Acc  NO_Ins  на_Loc,0.001,"589  198  412  21  ","конденсатор,резистор  усилие,сила  сигнал,импульс  гора,холм  ",1,0.136196172,
запасать,NO_Nom  NO_Acc  NO_Nom  NO_Nom,0.001,"-  1  -  -  ","-  животное,собака  -  -  ",1,0.001243781,
запасать,в качестве_Gen  NO_Nom  NO_Acc,0.001,"186  1  32  ","еда,пища  животное,собака  дракон,змея  ",1,0.028339661,
запасать,NO_Nom  на_Loc  в виде_Gen,0.001,"253  -  404  ","вид,форма  -  пятно,след  ",1,0.075396825,
запасать,NO_Acc  возле_Gen,0.001,"98  0  ","вода,воздух  дом,здание  ",1,0.02037037,
запасать,NO_Gen  NO_Gen  NO_Nom,0.001,"98  145  380  ","вода,воздух  высота,расстояние  резерв,запас  ",1,0.07145898,
запасать,NO_Nom  NO_Acc  без_Gen,0.001,"2  186  6  ","русский,немец  еда,пища  удовольствие,радость  ",1,0.023992891,
запасать,в_Loc  NO_Acc  в_Loc,0.001,"91  198  38  ","камера,видеокамера  усилие,сила  нападение,атака  ",1,0.031410935,
запасать,NO_Acc  от_Gen,0.002,"33  142  ","овощ,фрукт  семя,плод  ",1,0.035087719,
запасать,NO_Gen  NO_Gen,0.001,"98  145  ","вода,воздух  высота,расстояние  ",1,0.035759898,
запасать,NO_Acc  для_Gen  в_Acc,0.001,"142  18  14  ","семя,плод  война,бой  день,время  ",1,0.023431541,
запасать,NO_Nom  NO_Acc  в виде_Gen,0.001,"29  198  172  ","клетка,организм  усилие,сила  частица,молекула  ",1,0.038496732,
запасать,NO_Nom  NO_Acc  в виде_Gen,0.001,"16  29  244  ","дерево,куст  клетка,организм  сахар,соль  ",1,0.034341235,
запасать,на_Loc  для_Gen,0.001,"21  14  ","гора,холм  день,время  ",1,0.006015533,
запасать,на_Loc  для_Gen,0.001,"-  76  ","-  проведение,выполнение  ",1,0.007575758,
запасать,NO_Dat,0.001,"1  ","животное,собака  ",1,0.004975124,
запасать,NO_Dat,0.001,"8  ","человек,женщина  ",1,0.009009009,
запасать,NO_Acc  до_Gen,0.001,"36  14  ","молоко,мясо  день,время  ",1,0.01255176,
запасать,NO_Acc  до_Gen,0.001,"33  142  ","овощ,фрукт  семя,плод  ",1,0.035087719,
запасать,во время_Gen  NO_Acc,0.001,"-  198  ","-  усилие,сила  ",1,0.02,
запасать,во время_Gen  NO_Acc,0.001,"65  98  ","ветер,ветерок  вода,воздух  ",1,0.031676413,
запасать,NO_Acc  на_Acc  в_Loc,0.001,"85  14  4  ","газ,топливо  день,время  нога,рука  ",1,0.015160557,
запасать,NO_Acc  на_Acc  в_Loc,0.001,"29  14  104  ","клетка,организм  день,время  число,количество  ",1,0.019082126,
запасать,в_Loc  для_Gen,0.001,"3  270  ","страна,регион  лечение,терапия  ",1,0.04811412,
запасать,в_Loc  для_Gen,0.001,"265  1  ","нора,гнездо  животное,собака  ",1,0.047942108,
запасать,NO_Nom  за_Acc,0.001,"21  14  ","гора,холм  день,время  ",1,0.006015533,
запасать,NO_Nom  за_Acc,0.001,"1  14  ","животное,собака  день,время  ",1,0.006110751,
запасать,NO_Acc  для_Gen  в_Acc,0.001,"288  80  14  ","кислород,водород  создание,разработка  день,время  ",1,0.042840991,
запасать,NO_Acc  из_Gen,0.001,"380  -  ","резерв,запас  -  ",1,0.071428571,
запасать,NO_Acc  из_Gen,0.001,"198  719  ","усилие,сила  электросеть,энергосистема  ",1,0.27,
запасать,NO_Acc  в_Loc  для_Gen,0.002,"198  29  1  ","усилие,сила  клетка,организм  животное,собака  ",1,0.020547264,
запасать,NO_Nom  на_Acc  NO_Acc  в_Loc,0.002,"390  14  198  489  ","образец,пример  день,время  усилие,сила  аккумулятор,батарея  ",1,0.09752588,
запасать,при_Loc  NO_Acc  в_Loc,0.002,"711  198  489  ","торможение,разгон  усилие,сила  аккумулятор,батарея  ",1,0.246666667,
запасать,NO_Ins  в_Acc,0.002,"14  489  ","день,время  аккумулятор,батарея  ",1,0.103623188,
запасать,NO_Ins  в_Acc,0.002,"288  14  ","кислород,водород  день,время  ",1,0.053623188,
запасать,NO_Ins  в_Acc,0.002,"141  14  ","способ,метод  день,время  ",1,0.029938978,
запасать,NO_Acc  в_Loc  для_Gen,0.002,"198  489  14  ","усилие,сила  аккумулятор,батарея  день,время  ",1,0.082415459,
запасать,NO_Acc  в_Loc  для_Gen,0.002,"468  -  205  ","снасть,удочка  -  фанат,поклонник  ",1,0.088888889,
запасать,NO_Nom  на_Acc  NO_Gen,0.002,"35  12  415  ","храм,церковь  отец,брат  колокол,колокольчик  ",1,0.063149973,
запасать,NO_Acc  на_Acc  для_Gen,0.001,"186  14  1  ","еда,пища  день,время  животное,собака  ",1,0.024907167,
запасать,NO_Nom  с_Gen,0.002,"483  14  ","дрова,полено  день,время  ",1,0.103623188,
запасать,NO_Nom  с_Gen,0.002,"85  14  ","газ,топливо  день,время  ",1,0.020289855,
запасать,NO_Nom  с_Gen,0.002,"-  14  ","-  день,время  ",1,0.003623188,
запасать,в_Loc  в_Acc,0.002,"-  198  ","-  усилие,сила  ",1,0.02,
запасать,в_Loc  в_Acc,0.002,"-  14  ","-  день,время  ",1,0.003623188,
запасать,в_Loc  в_Acc,0.002,"515  14  ","яйцеклетка,эмбрион  день,время  ",1,0.128623188,
запасать,NO_Acc  на_Acc  для_Gen,0.001,"85  14  -  ","газ,топливо  день,время  -  ",1,0.01352657,
запасать,NO_Gen  NO_Gen,0.001,"329  -  ","вес,килограмм  -  ",1,0.055555556,
запасать,NO_Acc  с_Gen,0.001,"98  14  ","вода,воздух  день,время  ",1,0.022141707,
запасать,NO_Acc  от_Gen  с помощью_Gen,0.001,"302  327  141  ","дефицит,нехватка  ремонт,обслуживание  способ,метод  ",1,0.091617934,
запасать,NO_Acc  с_Gen,0.001,"77  14  ","вино,пиво  день,время  ",1,0.019248188,
запасать,NO_Ins  NO_Acc  на_Acc,0.001,"141  29  14  ","способ,метод  клетка,организм  день,время  ",1,0.025514874,
дезинфицировать,NO_Acc,0.565,"0  ","дом,здание  ",150,0.103703704,2
дезинфицировать,NO_Acc,0.565,"210  ","ступенька,лестница  ",112,0.066666667,2
дезинфицировать,NO_Acc,0.565,"4  ","нога,рука  ",102,0.058823529,2
дезинфицировать,NO_Acc,0.565,"184  ","рана,шрам  ",101,0.5,2
дезинфицировать,NO_Nom  NO_Acc,0.106,"153  362  ","фонарь,лампа  отсек,кабина  ",94,0.090277778,
дезинфицировать,NO_Acc,0.565,"3  ","страна,регион  ",66,0.037234043,
дезинфицировать,NO_Acc,0.565,"123  ","поверхность,слой  ",47,0.047619048,2
дезинфицировать,NO_Acc,0.565,"98  ","вода,воздух  ",27,0.111111111,2
дезинфицировать,NO_Acc,0.565,"58  ","кожа,волос  ",26,0.075,2
дезинфицировать,NO_Acc,0.565,"29  ","клетка,организм  ",24,0.116666667,2
дезинфицировать,NO_Acc,0.565,"-  ","-  ",20,0,
дезинфицировать,NO_Acc,0.565,"21  ","гора,холм  ",19,0.033492823,
дезинфицировать,NO_Acc,0.565,"30  ","система,механизм  ",17,0.083333333,2
дезинфицировать,NO_Ins,0.032,"77  ","вино,пиво  ",15,0.125,
дезинфицировать,NO_Acc,0.565,"337  ","предмет,вещь  ",14,0.25,2
дезинфицировать,NO_Acc,0.565,"155  ","ручка,рукоятка  ",12,0.055555556,2
дезинфицировать,NO_Acc,0.565,"17  ","чашка,стакан  ",11,0.050632911,2
дезинфицировать,NO_Acc,0.565,"5  ","одежда,костюм  ",10,0.01369863,2
дезинфицировать,NO_Nom,0.044,"0  ","дом,здание  ",10,0.014814815,
дезинфицировать,NO_Acc,0.565,"45  ","телефон,компьютер  ",10,0.029411765,2
дезинфицировать,NO_Acc  NO_Ins,0.057,"184  -  ","рана,шрам  -  ",9,0.0625,1
дезинфицировать,NO_Ins,0.032,"-  ","-  ",9,0,
дезинфицировать,NO_Acc,0.565,"28  ","стол,столик  ",9,0.093333333,2
дезинфицировать,NO_Acc,0.565,"79  ","поезд,автобус  ",9,0.096774194,2
дезинфицировать,NO_Acc  в_Loc,0.021,"490  77  ","снаряжение,экипировка  вино,пиво  ",8,0.115625,
дезинфицировать,NO_Acc,0.565,"89  ","данные,информация  ",8,0.023255814,
дезинфицировать,NO_Ins,0.032,"147  ","раствор,смесь  ",8,0.052631579,1
дезинфицировать,NO_Acc,0.565,"102  ","ботинок,сапог  ",7,0.076923077,
дезинфицировать,NO_Acc,0.565,"347  ","оборудование,техника  ",7,0.125,2
дезинфицировать,NO_Gen,0.005,"145  ","высота,расстояние  ",7,0.034482759,
дезинфицировать,NO_Acc,0.565,"86  ","сумка,чемодан  ",7,0.1,2
дезинфицировать,NO_Acc,0.565,"116  ","рыба,рыбка  ",7,0.090909091,
дезинфицировать,NO_Acc,0.565,"101  ","магазин,салон  ",6,0.028571429,2
дезинфицировать,NO_Acc,0.565,"70  ","станция,вокзал  ",6,0.138888889,2
дезинфицировать,NO_Acc,0.565,"10  ","машина,автомобиль  ",6,0.020833333,2
дезинфицировать,после_Gen  NO_Acc,0.021,"194  30  ","клиент,покупатель  система,механизм  ",6,0.033333333,
дезинфицировать,NO_Acc,0.565,"161  ","часть,половина  ",6,0.095238095,
дезинфицировать,NO_Acc,0.565,"62  ","книга,книжка  ",6,0.051282051,
дезинфицировать,NO_Nom,0.044,"3  ","страна,регион  ",5,0.010638298,
дезинфицировать,NO_Acc,0.565,"24  ","меч,клинок  ",5,0.058823529,
дезинфицировать,NO_Nom  NO_Acc,0.106,"-  184  ","-  рана,шрам  ",5,0.09375,
дезинфицировать,NO_Acc  NO_Ins,0.057,"0  147  ","дом,здание  раствор,смесь  ",5,0.056335283,1
дезинфицировать,NO_Acc,0.565,"540  ","игла,иголка  ",5,0.5,2
дезинфицировать,NO_Nom,0.044,"30  ","система,механизм  ",5,0.033333333,2
дезинфицировать,NO_Acc,0.565,"216  ","отель,гостиница  ",5,0.214285714,2
дезинфицировать,NO_Acc  NO_Ins,0.057,"446  141  ","бассейн,баня  способ,метод  ",4,0.109649123,
дезинфицировать,NO_Acc  NO_Ins,0.057,"3  -  ","страна,регион  -  ",4,0.002659574,
дезинфицировать,NO_Acc  NO_Ins,0.057,"98  -  ","вода,воздух  -  ",4,0.037037037,1
дезинфицировать,NO_Ins,0.032,"141  ","способ,метод  ",4,0.157894737,
дезинфицировать,на_Loc  NO_Acc,0.009,"497  4  ","выход,вход  нога,рука  ",4,0.10245098,
дезинфицировать,NO_Nom,0.044,"98  ","вода,воздух  ",4,0.074074074,
дезинфицировать,NO_Nom,0.044,"33  ","овощ,фрукт  ",4,0.035087719,
дезинфицировать,NO_Nom,0.044,"-  ","-  ",4,0,
дезинфицировать,NO_Acc  NO_Acc,0.009,"59  59  ","путь,дорога  путь,дорога  ",4,0.0125,
дезинфицировать,NO_Acc,0.565,"50  ","шкаф,ящик  ",4,0.086956522,2
дезинфицировать,в_Loc,0.008,"-  ","-  ",4,0,
дезинфицировать,после_Gen,0.006,"-  ","-  ",4,0,
дезинфицировать,NO_Acc,0.565,"35  ","храм,церковь  ",4,0.035714286,
дезинфицировать,NO_Acc,0.565,"9  ","корабль,судно  ",4,0.026548673,
дезинфицировать,NO_Acc  в_Loc,0.021,"0  -  ","дом,здание  -  ",3,0.003703704,
дезинфицировать,между_Ins,0.002,"70  ","станция,вокзал  ",3,0.027777778,
дезинфицировать,NO_Nom  в_Loc,0.004,"13  -  ","генерал,полковник  -  ",3,0.002415459,
дезинфицировать,NO_Nom,0.044,"28  ","стол,столик  ",3,0.026666667,
дезинфицировать,NO_Acc  в_Loc,0.021,"0  3  ","дом,здание  страна,регион  ",3,0.007171001,
дезинфицировать,NO_Acc  в_Loc,0.021,"60  3  ","ученик,студент  страна,регион  ",3,0.009604019,
дезинфицировать,NO_Nom  NO_Acc,0.106,"8  50  ","человек,женщина  шкаф,ящик  ",3,0.01537407,1
дезинфицировать,NO_Ins,0.032,"98  ","вода,воздух  ",3,0.074074074,
дезинфицировать,NO_Acc,0.565,"152  ","сотня,десяток  ",3,0.111111111,
дезинфицировать,NO_Nom,0.044,"184  ","рана,шрам  ",3,0.0625,
дезинфицировать,NO_Acc,0.565,"543  ","продукт,товар  ",3,0.5,
дезинфицировать,NO_Nom  NO_Acc,0.106,"-  0  ","-  дом,здание  ",3,0.005555556,
дезинфицировать,NO_Acc,0.565,"241  ","основа,основание  ",3,0.153846154,
дезинфицировать,NO_Nom,0.044,"54  ","врач,медик  ",3,0.071428571,1
дезинфицировать,NO_Nom,0.044,"222  ","подразделение,служба  ",3,0.214285714,1
дезинфицировать,после_Gen  NO_Acc,0.021,"342  -  ","покупка,приобретение  -  ",3,0.0625,
дезинфицировать,NO_Nom,0.044,"5  ","одежда,костюм  ",3,0.01369863,
дезинфицировать,NO_Acc  NO_Ins,0.057,"4  77  ","нога,рука  вино,пиво  ",3,0.036151961,
дезинфицировать,на_Loc  NO_Acc,0.009,"498  10  ","граница,предел  машина,автомобиль  ",3,0.105208333,
дезинфицировать,NO_Acc  NO_Ins,0.057,"8  7  ","человек,женщина  луч,свет  ",3,0.011307226,
дезинфицировать,NO_Acc,0.565,"272  ","полотенце,салфетка  ",3,0.090909091,2
дезинфицировать,в_Loc,0.008,"147  ","раствор,смесь  ",3,0.052631579,1
дезинфицировать,NO_Acc  NO_Ins,0.057,"184  147  ","рана,шрам  раствор,смесь  ",3,0.057565789,1
дезинфицировать,NO_Acc  NO_Ins,0.057,"184  272  ","рана,шрам  полотенце,салфетка  ",3,0.122159091,1
дезинфицировать,NO_Acc,0.565,"362  ","отсек,кабина  ",3,0.125,2
дезинфицировать,после_Gen,0.006,"229  ","использование,применение  ",3,0.076923077,
дезинфицировать,NO_Acc,0.565,"91  ","камера,видеокамера  ",2,0.071428571,
дезинфицировать,NO_Acc,0.565,"653  ","развалина,руина  ",2,0.333333333,
дезинфицировать,NO_Acc,0.565,"551  ","руль,штурвал  ",2,0.25,
дезинфицировать,NO_Nom,0.044,"20  ","император,царь  ",2,0.006578947,
дезинфицировать,NO_Nom,0.044,"86  ","сумка,чемодан  ",2,0.033333333,
дезинфицировать,NO_Nom,0.044,"232  ","профессор,доктор  ",2,0.076923077,1
дезинфицировать,NO_Acc,0.565,"214  ","причина,повод  ",2,0.071428571,
дезинфицировать,NO_Acc,0.565,"138  ","бомба,снаряд  ",2,0.052631579,
дезинфицировать,NO_Acc  NO_Ins,0.057,"4  -  ","нога,рука  -  ",2,0.00245098,
дезинфицировать,NO_Acc  NO_Ins,0.057,"184  85  ","рана,шрам  газ,топливо  ",2,0.047916667,
дезинфицировать,NO_Acc  NO_Ins,0.057,"17  77  ","чашка,стакан  вино,пиво  ",2,0.021954114,
дезинфицировать,через_Acc,0.002,"161  ","часть,половина  ",2,0.047619048,
дезинфицировать,NO_Dat,0.002,"194  ","клиент,покупатель  ",2,0.05,
дезинфицировать,на_Loc  NO_Nom,0.002,"3  0  ","страна,регион  дом,здание  ",2,0.004511426,
дезинфицировать,по_Dat,0.002,"57  ","визит,поездка  ",2,0.012048193,
дезинфицировать,NO_Acc  NO_Ins,0.057,"144  141  ","футбол,спорт  способ,метод  ",2,0.052631579,
дезинфицировать,NO_Acc  NO_Ins,0.057,"4  192  ","нога,рука  вещество,кислота  ",2,0.03370098,
дезинфицировать,NO_Nom  NO_Ins,0.002,"135  77  ","канат,трос  вино,пиво  ",2,0.040625,
дезинфицировать,NO_Acc  NO_Ins,0.057,"-  77  ","-  вино,пиво  ",2,0.03125,
дезинфицировать,для_Gen,0.002,"297  ","начало,конец  ",2,0.1,
дезинфицировать,для_Gen  NO_Nom,0.002,"297  196  ","начало,конец  список,перечень  ",2,0.083333333,
дезинфицировать,NO_Acc  NO_Ins,0.057,"5  147  ","одежда,костюм  раствор,смесь  ",2,0.033165105,1
дезинфицировать,NO_Acc  NO_Ins,0.057,"16  147  ","дерево,куст  раствор,смесь  ",2,0.031032771,1
дезинфицировать,NO_Acc  NO_Ins,0.057,"29  147  ","клетка,организм  раствор,смесь  ",2,0.034649123,1
дезинфицировать,NO_Acc  NO_Ins,0.057,"-  141  ","-  способ,метод  ",2,0.052631579,
дезинфицировать,NO_Acc  из-за_Gen,0.002,"79  550  ","поезд,автобус  угроза,опасность  ",2,0.141129032,
дезинфицировать,NO_Nom,0.044,"79  ","поезд,автобус  ",2,0.064516129,
дезинфицировать,перед_Ins  NO_Acc,0.005,"-  0  ","-  дом,здание  ",2,0.001851852,
дезинфицировать,с помощью_Gen,0.003,"141  ","способ,метод  ",2,0.052631579,1
дезинфицировать,после_Gen  NO_Acc,0.021,"-  9  ","-  корабль,судно  ",2,0.004424779,
дезинфицировать,после_Gen  NO_Acc,0.021,"263  0  ","очистка,чистка  дом,здание  ",2,0.047306397,
дезинфицировать,после_Gen  NO_Acc,0.021,"105  356  ","больница,госпиталь  кукла,игрушка  ",2,0.0825,
дезинфицировать,NO_Acc  от_Gen,0.005,"0  308  ","дом,здание  коронавирус,вирус  ",2,0.059259259,1
дезинфицировать,NO_Acc,0.565,"250  ","доспех,броня  ",2,0.083333333,
дезинфицировать,NO_Acc,0.565,"342  ","покупка,приобретение  ",2,0.125,
дезинфицировать,при_Loc  NO_Acc,0.002,"497  4  ","выход,вход  нога,рука  ",2,0.10245098,
дезинфицировать,NO_Acc  NO_Acc,0.009,"4  -  ","нога,рука  -  ",2,0.00245098,
дезинфицировать,NO_Acc  NO_Acc,0.009,"123  123  ","поверхность,слой  поверхность,слой  ",2,0.023809524,
дезинфицировать,NO_Acc  NO_Acc,0.009,"14  14  ","день,время  день,время  ",2,0.003623188,
дезинфицировать,NO_Acc  NO_Acc,0.009,"30  30  ","система,механизм  система,механизм  ",2,0.008333333,
дезинфицировать,в_Loc,0.008,"208  ","печь,печка  ",2,0.066666667,
дезинфицировать,в_Loc,0.008,"7  ","луч,свет  ",2,0.006802721,
дезинфицировать,с помощью_Gen,0.003,"-  ","-  ",2,0,
дезинфицировать,NO_Acc  в_Loc,0.021,"59  -  ","путь,дорога  -  ",2,0.0125,
дезинфицировать,NO_Nom,0.044,"13  ","генерал,полковник  ",2,0.009661836,
дезинфицировать,NO_Ins,0.032,"192  ","вещество,кислота  ",2,0.0625,1
дезинфицировать,NO_Nom,0.044,"59  ","путь,дорога  ",2,0.05,
дезинфицировать,NO_Nom,0.044,"21  ","гора,холм  ",2,0.009569378,
дезинфицировать,NO_Nom,0.044,"9  ","корабль,судно  ",2,0.017699115,
дезинфицировать,в отличие от_Gen  NO_Nom,0.001,"4  8  ","нога,рука  человек,женщина  ",2,0.006955485,
дезинфицировать,NO_Acc,0.565,"114  ","правительство,парламент  ",2,0.043478261,
дезинфицировать,NO_Acc,0.565,"356  ","кукла,игрушка  ",2,0.125,
дезинфицировать,NO_Ins,0.032,"153  ","фонарь,лампа  ",2,0.055555556,
дезинфицировать,NO_Acc  в_Loc,0.021,"79  -  ","поезд,автобус  -  ",2,0.016129032,
дезинфицировать,NO_Acc,0.565,"16  ","дерево,куст  ",2,0.009433962,
дезинфицировать,NO_Ins,0.032,"152  ","сотня,десяток  ",2,0.055555556,
дезинфицировать,NO_Ins,0.032,"237  ","пыль,грязь  ",2,0.076923077,
дезинфицировать,перед_Ins,0.002,"27  ","исследование,анализ  ",2,0.014084507,
дезинфицировать,NO_Acc,0.565,"490  ","снаряжение,экипировка  ",2,0.2,
дезинфицировать,NO_Acc,0.565,"59  ","путь,дорога  ",2,0.025,
дезинфицировать,NO_Acc,0.565,"14  ","день,время  ",2,0.014492754,
дезинфицировать,NO_Acc  NO_Ins,0.057,"58  147  ","кожа,волос  раствор,смесь  ",2,0.038815789,1
дезинфицировать,NO_Nom  NO_Acc,0.106,"7  3  ","луч,свет  страна,регион  ",2,0.006060935,
дезинфицировать,NO_Nom  NO_Acc,0.106,"347  210  ","оборудование,техника  ступенька,лестница  ",2,0.095833333,1  2
дезинфицировать,NO_Nom  NO_Acc,0.106,"206  0  ","эксперт,специалист  дом,здание  ",2,0.037037037,
дезинфицировать,NO_Nom  NO_Acc,0.106,"235  0  ","сотрудник,работник  дом,здание  ",2,0.042165242,1
дезинфицировать,на_Loc,0.001,"64  ","компания,фирма  ",2,0.02,
дезинфицировать,за_Acc  с_Ins  NO_Ins,0.001,"14  -  198  ","день,время  -  усилие,сила  ",2,0.018164251,
дезинфицировать,NO_Nom  NO_Acc,0.106,"40  3  ","представитель,руководитель  страна,регион  ",2,0.010905741,
дезинфицировать,к_Dat,0.001,"14  ","день,время  ",2,0.007246377,
дезинфицировать,NO_Acc,0.565,"256  ","нить,нитка  ",2,0.166666667,
дезинфицировать,NO_Acc,0.565,"60  ","ученик,студент  ",2,0.027777778,
дезинфицировать,NO_Acc  из_Gen,0.001,"98  21  ","вода,воздух  гора,холм  ",2,0.020910863,
дезинфицировать,около_Gen,0.001,"145  ","высота,расстояние  ",2,0.034482759,
дезинфицировать,NO_Nom  NO_Acc,0.106,"31  0  ","историк,исследователь  дом,здание  ",2,0.010472542,
дезинфицировать,NO_Nom  NO_Acc,0.106,"-  -  ","-  -  ",2,0,
дезинфицировать,NO_Nom  NO_Nom,0.001,"-  650  ","-  специя,пряность  ",2,0.166666667,
дезинфицировать,NO_Nom  NO_Acc,0.106,"12  0  ","отец,брат  дом,здание  ",2,0.004314906,
дезинфицировать,NO_Nom  NO_Acc,0.106,"687  497  ","продувка,промывка  выход,вход  ",2,0.35,
дезинфицировать,за_Ins,0.001,"60  ","ученик,студент  ",2,0.013888889,
дезинфицировать,NO_Acc,0.565,"159  ","кольцо,колечко  ",2,0.111111111,
дезинфицировать,NO_Nom  NO_Acc,0.106,"232  184  ","профессор,доктор  рана,шрам  ",2,0.069711538,1
дезинфицировать,NO_Nom  NO_Acc,0.106,"530  4  ","отвар,настой  нога,рука  ",2,0.12745098,2
дезинфицировать,NO_Nom  NO_Acc,0.106,"206  216  ","эксперт,специалист  отель,гостиница  ",2,0.069047619,
дезинфицировать,NO_Nom  NO_Acc,0.106,"77  58  ","вино,пиво  кожа,волос  ",2,0.028125,2
брить,NO_Acc,0.47,"4  ","нога,рука  ",337,0.137254902,1.1
брить,NO_Acc,0.47,"326  ","борода,ус  ",194,0.444444444,1.1
брить,NO_Nom,0.084,"4  ","нога,рука  ",43,0.039215686,
брить,NO_Nom,0.084,"-  ","-  ",37,0,
брить,NO_Acc,0.47,"-  ","-  ",29,0,
брить,NO_Acc,0.47,"58  ","кожа,волос  ",24,0.1,1.1
брить,NO_Nom  NO_Acc,0.083,"8  4  ","человек,женщина  нога,рука  ",20,0.048290938,1.1  1.2
брить,NO_Nom  NO_Acc,0.083,"-  4  ","-  нога,рука  ",20,0.014705882,1.1  1.2
брить,под_Acc,0.014,"-  ","-  ",16,0,
брить,NO_Acc,0.47,"8  ","человек,женщина  ",12,0.045045045,1.1
брить,NO_Nom  NO_Acc,0.083,"12  4  ","отец,брат  нога,рука  ",12,0.014742104,1.1  1.2
брить,NO_Acc,0.47,"1  ","животное,собака  ",11,0.034825871,
брить,до_Gen,0.007,"7  ","луч,свет  ",11,0.013605442,
брить,в_Loc,0.018,"5  ","одежда,костюм  ",10,0.054794521,
брить,NO_Ins,0.022,"-  ","-  ",10,0,
брить,NO_Nom,0.084,"162  ","сережа,петя  ",10,0.055555556,
брить,NO_Nom  в_Acc  NO_Acc,0.011,"51  14  4  ","гном,эльф  день,время  нога,рука  ",9,0.011456853,
брить,с_Ins,0.017,"4  ","нога,рука  ",8,0.029411765,
брить,на_Loc  NO_Acc,0.012,"473  1  ","итог,результат  животное,собака  ",8,0.102487562,
брить,NO_Acc,0.47,"14  ","день,время  ",8,0.014492754,
брить,NO_Nom  NO_Acc,0.083,"-  326  ","-  борода,ус  ",7,0.111111111,1.1  1.2
брить,NO_Acc,0.47,"3  ","страна,регион  ",7,0.010638298,
брить,NO_Acc  NO_Dat,0.016,"4  8  ","нога,рука  человек,женщина  ",6,0.015964494,
брить,NO_Nom,0.084,"19  ","писатель,поэт  ",6,0.013157895,
брить,под_Ins,0.008,"98  ","вода,воздух  ",6,0.037037037,
брить,NO_Acc,0.47,"12  ","отец,брат  ",6,0.019704433,1.1
брить,NO_Acc,0.47,"202  ","труп,останки  ",6,0.133333333,
брить,над_Ins,0.009,"3  ","страна,регион  ",5,0.010638298,
брить,NO_Nom  NO_Acc,0.083,"8  326  ","человек,женщина  борода,ус  ",5,0.06006006,1.1  1.2
брить,NO_Nom  NO_Dat  NO_Acc,0.005,"245  -  4  ","господин,госпожа  -  нога,рука  ",5,0.029411765,
брить,NO_Ins,0.022,"24  ","меч,клинок  ",4,0.029411765,1.1
брить,NO_Acc  в_Acc,0.008,"-  14  ","-  день,время  ",4,0.003623188,
брить,под_Ins,0.008,"1  ","животное,собака  ",4,0.004975124,
брить,NO_Acc,0.47,"77  ","вино,пиво  ",4,0.03125,
брить,NO_Acc  в_Loc,0.013,"-  105  ","-  больница,госпиталь  ",4,0.04,
брить,во время_Gen,0.003,"14  ","день,время  ",4,0.007246377,
брить,NO_Acc,0.47,"161  ","часть,половина  ",4,0.095238095,
брить,на_Loc  NO_Acc,0.012,"4  58  ","нога,рука  кожа,волос  ",4,0.017401961,
брить,NO_Ins,0.022,"10  ","машина,автомобиль  ",4,0.020833333,
брить,NO_Ins  NO_Acc,0.014,"24  4  ","меч,клинок  нога,рука  ",4,0.014705882,1.1
брить,NO_Nom,0.084,"8  ","человек,женщина  ",3,0.027027027,1.1  1.2
брить,NO_Nom,0.084,"12  ","отец,брат  ",3,0.014778325,1.1  1.2
брить,NO_Nom,0.084,"13  ","генерал,полковник  ",3,0.014492754,1.1  1.2
брить,NO_Acc  в_Acc,0.008,"4  217  ","нога,рука  знак,символ  ",3,0.038165266,
брить,NO_Acc  NO_Acc,0.011,"4  -  ","нога,рука  -  ",3,0.00245098,
брить,NO_Nom  NO_Acc,0.083,"19  4  ","писатель,поэт  нога,рука  ",3,0.009029928,
брить,NO_Acc,0.47,"40  ","представитель,руководитель  ",3,0.011173184,1.1
брить,NO_Ins  NO_Acc,0.014,"24  16  ","меч,клинок  дерево,куст  ",3,0.012069922,
брить,NO_Acc,0.47,"194  ","клиент,покупатель  ",3,0.05,1.1
брить,перед_Ins  NO_Acc,0.009,"-  4  ","-  нога,рука  ",3,0.00245098,
брить,перед_Ins  NO_Acc,0.009,"23  326  ","окно,дверь  борода,ус  ",3,0.062698413,
брить,NO_Acc  NO_Acc,0.011,"4  14  ","нога,рука  день,время  ",3,0.01097613,
брить,NO_Nom,0.084,"24  ","меч,клинок  ",3,0.044117647,
брить,на_Loc,0.007,"4  ","нога,рука  ",3,0.004901961,
брить,NO_Acc  NO_Acc,0.011,"326  3  ","борода,ус  страна,регион  ",3,0.05821513,
брить,с_Ins,0.017,"-  ","-  ",3,0,
брить,в_Loc,0.018,"14  ","день,время  ",3,0.014492754,
брить,в_Acc,0.004,"14  ","день,время  ",3,0.014492754,
брить,NO_Acc,0.47,"176  ","кусочек,кусок  ",3,0.117647059,
брить,NO_Acc,0.47,"318  ","кость,череп  ",3,0.111111111,1.1
брить,NO_Acc,0.47,"20  ","император,царь  ",3,0.019736842,
брить,в_Loc,0.018,"215  ","искусство,культура  ",3,0.071428571,
брить,с_Ins,0.017,"58  ","кожа,волос  ",3,0.075,
брить,у_Gen,0.002,"-  ","-  ",3,0,
брить,NO_Acc,0.47,"11  ","преступник,убийца  ",3,0.009259259,
брить,под_Acc  в_Acc,0.002,"49  13  ","крик,вопль  генерал,полковник  ",3,0.013285024,
брить,NO_Acc,0.47,"13  ","генерал,полковник  ",3,0.014492754,
брить,NO_Acc  NO_Dat,0.016,"4  -  ","нога,рука  -  ",3,0.00245098,
брить,на_Acc,0.005,"-  ","-  ",3,0,
брить,NO_Acc  NO_Dat,0.016,"326  20  ","борода,ус  император,царь  ",3,0.117690058,
брить,NO_Acc  в_Loc,0.013,"4  39  ","нога,рука  фильм,картина  ",2,0.016137916,
брить,NO_Ins,0.022,"14  ","день,время  ",2,0.014492754,
брить,NO_Acc  в_Loc,0.013,"4  0  ","нога,рука  дом,здание  ",2,0.008605664,1.2
брить,NO_Acc  в_Loc,0.013,"326  14  ","борода,ус  день,время  ",2,0.059178744,
брить,NO_Acc  NO_Dat,0.016,"4  47  ","нога,рука  старец,монах  ",2,0.017156863,
брить,в_Loc,0.018,"320  ","значение,значимость  ",2,0.111111111,
брить,под_Acc,0.014,"144  ","футбол,спорт  ",2,0.052631579,
брить,NO_Ins  NO_Acc,0.014,"14  58  ","день,время  кожа,волос  ",2,0.019746377,
брить,с_Ins,0.017,"348  ","знамя,флаг  ",2,0.125,
брить,NO_Ins  NO_Acc,0.014,"24  -  ","меч,клинок  -  ",2,0.007352941,
брить,NO_Ins  NO_Acc,0.014,"14  1  ","день,время  животное,собака  ",2,0.006110751,
брить,с_Ins,0.017,"326  ","борода,ус  ",2,0.222222222,
брить,NO_Ins  NO_Acc,0.014,"-  -  ","-  -  ",2,0,
брить,NO_Ins  NO_Acc,0.014,"226  4  ","движение,перемещение  нога,рука  ",2,0.038165266,
брить,с_Ins,0.017,"161  ","часть,половина  ",2,0.047619048,
брить,NO_Acc  под_Ins,0.002,"58  1  ","кожа,волос  животное,собака  ",2,0.014987562,
брить,NO_Acc  NO_Acc,0.011,"14  4  ","день,время  нога,рука  ",2,0.008525149,
брить,NO_Nom  кроме_Gen,0.001,"4  58  ","нога,рука  кожа,волос  ",2,0.01495098,
брить,в_Loc  NO_Loc,0.002,"5  102  ","одежда,костюм  ботинок,сапог  ",2,0.045310854,
брить,с_Gen  NO_Acc,0.002,"3  4  ","страна,регион  нога,рука  ",2,0.005110555,
брить,с_Ins  NO_Acc,0.003,"173  8  ","ирония,сарказм  человек,женщина  ",2,0.033916269,
брить,NO_Acc  на_Acc,0.003,"4  763  ","нога,рука  манер,лад  ",2,0.25245098,
брить,NO_Nom  NO_Acc  NO_Ins,0.003,"12  4  24  ","отец,брат  нога,рука  меч,клинок  ",2,0.016355968,1
брить,вдоль_Gen,0.003,"498  ","граница,предел  ",2,0.2,
брить,NO_Nom  NO_Acc  по_Dat,0.003,"52  4  390  ","музыкант,артист  нога,рука  образец,пример  ",2,0.05438124,
брить,в_Acc,0.004,"13  ","генерал,полковник  ",2,0.004830918,
брить,по_Dat,0.004,"14  ","день,время  ",2,0.014492754,
брить,NO_Acc  по_Dat,0.005,"-  14  ","-  день,время  ",2,0.003623188,
брить,на_Acc,0.005,"763  ","манер,лад  ",2,1,
брить,к_Dat,0.002,"351  ","смерть,гибель  ",2,0.125,
брить,в_Nom,0.001,"13  ","генерал,полковник  ",2,0.004830918,
брить,NO_Nom  NO_Acc  под_Ins,0.001,"8  4  1  ","человек,женщина  нога,рука  животное,собака  ",2,0.006295365,
брить,NO_Gen,0.007,"4  ","нога,рука  ",2,0.009803922,
брить,для_Gen  NO_Nom  NO_Acc,0.001,"76  8  4  ","проведение,выполнение  человек,женщина  нога,рука  ",2,0.009687495,
брить,на_Loc,0.007,"473  ","итог,результат  ",2,0.2,
брить,на_Loc,0.007,"0  ","дом,здание  ",2,0.003703704,
брить,NO_Ins,0.022,"141  ","способ,метод  ",2,0.052631579,
брить,NO_Acc  в_Acc,0.008,"11  14  ","преступник,убийца  день,время  ",2,0.008252818,
брить,в_Loc  NO_Nom  NO_Acc,0.009,"14  8  326  ","день,время  человек,женщина  борода,ус  ",2,0.047873961,
брить,в_Loc  NO_Nom  NO_Acc,0.009,"3  8  4  ","страна,регион  человек,женщина  нога,рука  ",2,0.00641004,
брить,NO_Nom  в_Loc  NO_Nom,0.001,"4  5  5  ","нога,рука  одежда,костюм  одежда,костюм  ",2,0.006200197,
брить,над_Ins,0.009,"0  ","дом,здание  ",2,0.007407407,
брить,NO_Nom  без_Gen  NO_Acc,0.002,"-  219  4  ","-  успех,достижение  нога,рука  ",2,0.025443511,
брить,над_Ins,0.009,"123  ","поверхность,слой  ",2,0.047619048,
брить,перед_Ins  NO_Acc,0.009,"497  40  ","выход,вход  представитель,руководитель  ",2,0.102793296,
брить,перед_Ins  NO_Acc,0.009,"94  346  ","ерунда,чушь  душа,сердце  ",2,0.080357143,
брить,NO_Nom  до_Gen  NO_Acc,0.001,"-  7  4  ","-  луч,свет  нога,рука  ",2,0.003901561,
брить,NO_Nom  в_Acc  NO_Acc,0.011,"-  14  326  ","-  день,время  борода,ус  ",2,0.039452496,
брить,NO_Acc  в отличие от_Gen,0.001,"4  43  ","нога,рука  народ,еврей  ",2,0.022859144,
брить,над_Ins,0.009,"16  ","дерево,куст  ",2,0.009433962,
брить,NO_Acc,0.47,"88  ","красота,великолепие  ",2,0.034482759,
брить,NO_Nom,0.084,"47  ","старец,монах  ",2,0.029411765,1.1  1.2
брить,NO_Nom,0.084,"155  ","ручка,рукоятка  ",2,0.055555556,
брить,NO_Nom,0.084,"37  ","сознание,разум  ",2,0.018518519,
брить,NO_Nom  NO_Acc,0.083,"20  4  ","император,царь  нога,рука  ",2,0.009029928,
брить,NO_Nom  NO_Acc,0.083,"19  8  ","писатель,поэт  человек,женщина  ",2,0.011083452,
брить,NO_Nom,0.084,"75  ","слуга,раб  ",2,0.024390244,1.1
брить,NO_Nom  NO_Acc,0.083,"-  12  ","-  отец,брат  ",2,0.004926108,
брить,NO_Acc,0.47,"24  ","меч,клинок  ",2,0.014705882,
брить,NO_Acc,0.47,"6  ","удовольствие,радость  ",2,0.009478673,
брить,NO_Nom  NO_Acc,0.083,"41  4  ","маг,колдун  нога,рука  ",2,0.01245098,
брить,NO_Nom  NO_Acc,0.083,"-  14  ","-  день,время  ",2,0.003623188,
брить,NO_Nom  NO_Acc,0.083,"11  4  ","преступник,убийца  нога,рука  ",2,0.00708061,
брить,NO_Acc,0.47,"36  ","молоко,мясо  ",2,0.017857143,
брить,NO_Nom  NO_Acc,0.083,"95  326  ","террорист,боевик  борода,ус  ",2,0.091269841,
брить,NO_Acc,0.47,"299  ","хозяин,владелец  ",2,0.1,1.1
брить,NO_Nom  NO_Acc,0.083,"2  4  ","русский,немец  нога,рука  ",2,0.007190317,
брить,NO_Nom  NO_Acc,0.083,"120  4  ","грек,римлянин  нога,рука  ",2,0.025178253,
брить,NO_Nom  NO_Acc,0.083,"95  1  ","террорист,боевик  животное,собака  ",2,0.020344705,
брить,NO_Nom  NO_Acc,0.083,"9  7  ","корабль,судно  луч,свет  ",2,0.007826139,
брить,NO_Nom  NO_Acc,0.083,"47  4  ","старец,монах  нога,рука  ",2,0.009803922,
брить,NO_Acc,0.47,"19  ","писатель,поэт  ",2,0.026315789,
брить,NO_Acc,0.47,"551  ","руль,штурвал  ",2,0.25,
брить,с_Ins  NO_Nom,0.002,"4  -  ","нога,рука  -  ",1,0.00245098,
брить,без_Gen,0.001,"326  ","борода,ус  ",1,0.111111111,
брить,с_Ins  NO_Nom,0.002,"-  4  ","-  нога,рука  ",1,0.00245098,
брить,без_Gen,0.001,"147  ","раствор,смесь  ",1,0.052631579,
брить,для_Gen  NO_Acc,0.002,"184  4  ","рана,шрам  нога,рука  ",1,0.03370098,
брить,в_Loc  NO_Nom  NO_Acc  NO_Ins,0.001,"227  52  4  10  ","ролик,видео  музыкант,артист  нога,рука  машина,автомобиль  ",1,0.02690658,
брить,для_Gen  NO_Acc,0.002,"470  4  ","прикрытие,предлог  нога,рука  ",1,0.10245098,
брить,в_Loc  NO_Nom  NO_Acc  NO_Ins,0.001,"227  -  4  10  ","ролик,видео  -  нога,рука  машина,автомобиль  ",1,0.023060426,
брить,для_Gen  NO_Acc,0.002,"169  58  ","молитва,проповедь  кожа,волос  ",1,0.041911765,
брить,в_Loc  с_Ins,0.001,"5  224  ","одежда,костюм  сигарета,сигара  ",1,0.039138943,
брить,к_Dat,0.002,"148  ","враг,противник  ",1,0.052631579,
брить,NO_Ins,0.022,"214  ","причина,повод  ",1,0.071428571,
брить,в_Loc  с_Ins,0.001,"61  -  ","матч,игра  -  ",1,0.012820513,
брить,кроме_Gen,0.001,"326  ","борода,ус  ",1,0.111111111,
брить,кроме_Gen,0.001,"9  ","корабль,судно  ",1,0.008849558,
брить,NO_Nom  NO_Acc  после_Gen,0.001,"-  -  89  ","-  -  данные,информация  ",1,0.003875969,
брить,NO_Nom  NO_Acc  после_Gen,0.001,"104  4  100  ","число,количество  нога,рука  соглашение,договор  ",1,0.017507003,
брить,NO_Acc,0.47,"393  ","осколок,обломок  ",1,0.142857143,
брить,NO_Dat  NO_Ins  NO_Acc,0.001,"20  -  326  ","император,царь  -  борода,ус  ",1,0.039230019,
брить,NO_Dat  NO_Ins  NO_Acc,0.001,"8  176  58  ","человек,женщина  кусочек,кусок  кожа,волос  ",1,0.030944179,
афишировать,NO_Acc,0.805,"117  ","отношение,связь  ",177,0.272727273,1
афишировать,NO_Acc,0.805,"3  ","страна,регион  ",139,0.021276596,
афишировать,NO_Acc,0.805,"80  ","создание,разработка  ",64,0.106382979,1
афишировать,NO_Acc,0.805,"118  ","ситуация,случай  ",59,0.363636364,1
афишировать,NO_Acc,0.805,"195  ","инцидент,событие  ",49,0.2,1
афишировать,NO_Acc,0.805,"6  ","удовольствие,радость  ",38,0.066350711,1
афишировать,NO_Acc,0.805,"78  ","заседание,совещание  ",31,0.084507042,1
афишировать,NO_Acc,0.805,"57  ","визит,поездка  ",31,0.144578313,1
афишировать,NO_Acc,0.805,"34  ","слово,мнение  ",28,0.068181818,
афишировать,NO_Acc,0.805,"-  ","-  ",28,0,
афишировать,NO_Acc,0.805,"175  ","помощь,поддержка  ",26,0.058823529,1
афишировать,NO_Acc,0.805,"89  ","данные,информация  ",24,0.104651163,1
афишировать,NO_Acc,0.805,"71  ","история,рассказ  ",21,0.083333333,1
афишировать,NO_Acc,0.805,"81  ","стремление,желание  ",21,0.161290323,1
афишировать,NO_Acc,0.805,"161  ","часть,половина  ",19,0.095238095,
афишировать,NO_Acc,0.805,"309  ","единство,единение  ",16,0.222222222,1
афишировать,NO_Acc,0.805,"42  ","праздник,торжество  ",14,0.076923077,1
афишировать,NO_Acc,0.805,"82  ","заболевание,болезнь  ",13,0.129032258,1
афишировать,NO_Acc,0.805,"214  ","причина,повод  ",13,0.214285714,1
афишировать,NO_Acc,0.805,"44  ","снижение,увеличение  ",13,0.078651685,1
афишировать,NO_Acc,0.805,"198  ","усилие,сила  ",12,0.24,
афишировать,NO_Acc,0.805,"284  ","разница,различие  ",12,0.2,
афишировать,NO_Acc,0.805,"12  ","отец,брат  ",11,0.039408867,
афишировать,NO_Acc,0.805,"93  ","полиция,полицейский  ",11,0.029411765,
афишировать,NO_Acc,0.805,"160  ","проект,программа  ",10,0.111111111,1
афишировать,NO_Acc,0.805,"526  ","возникновение,появление  ",8,0.25,
афишировать,NO_Gen,0.013,"117  ","отношение,связь  ",8,0.045454545,
афишировать,NO_Acc,0.805,"402  ","направленность,ориентация  ",8,0.285714286,
афишировать,NO_Acc,0.805,"351  ","смерть,гибель  ",8,0.25,
афишировать,NO_Acc,0.805,"191  ","влияние,воздействие  ",8,0.0625,1
афишировать,NO_Nom  NO_Acc,0.046,"-  3  ","-  страна,регион  ",7,0.002659574,
афишировать,NO_Acc,0.805,"395  ","благо,благополучие  ",7,0.428571429,
афишировать,NO_Acc,0.805,"342  ","покупка,приобретение  ",7,0.375,1
афишировать,NO_Acc,0.805,"219  ","успех,достижение  ",6,0.214285714,1
афишировать,NO_Acc,0.805,"466  ","способность,умение  ",6,0.8,1
афишировать,NO_Acc,0.805,"76  ","проведение,выполнение  ",6,0.060606061,1
афишировать,NO_Acc,0.805,"4  ","нога,рука  ",6,0.014705882,
афишировать,NO_Acc,0.805,"100  ","соглашение,договор  ",6,0.042857143,1
афишировать,NO_Acc,0.805,"196  ","список,перечень  ",6,0.133333333,
афишировать,NO_Acc  в_Loc,0.013,"-  174  ","-  сущность,смысл  ",5,0.029411765,
афишировать,NO_Acc,0.805,"273  ","проблема,вопрос  ",5,0.157894737,1
афишировать,NO_Acc,0.805,"83  ","преступление,убийство  ",5,0.096774194,1
афишировать,NO_Acc,0.805,"320  ","значение,значимость  ",5,0.111111111,1
афишировать,NO_Acc,0.805,"622  ","неудача,провал  ",5,0.666666667,1
афишировать,NO_Acc,0.805,"18  ","война,бой  ",5,0.03125,
афишировать,NO_Acc,0.805,"431  ","статус,звание  ",5,0.166666667,1
афишировать,в_Loc,0.013,"143  ","сеть,интернет  ",4,0.052631579,
афишировать,NO_Acc,0.805,"69  ","инвестиция,вложение  ",4,0.025862069,1
афишировать,NO_Acc,0.805,"141  ","способ,метод  ",4,0.105263158,
афишировать,NO_Acc,0.805,"295  ","мужество,храбрость  ",4,0.1,1
афишировать,NO_Acc,0.805,"149  ","стих,стихотворение  ",4,0.111111111,
афишировать,NO_Acc,0.805,"283  ","процесс,процедура  ",4,0.2,1
афишировать,NO_Acc,0.805,"337  ","предмет,вещь  ",4,0.125,
афишировать,NO_Nom  NO_Acc,0.046,"40  473  ","представитель,руководитель  итог,результат  ",4,0.205586592,1
афишировать,NO_Acc,0.805,"473  ","итог,результат  ",4,0.4,1
афишировать,до_Gen,0.003,"14  ","день,время  ",4,0.007246377,
афишировать,по_Dat,0.003,"214  ","причина,повод  ",4,0.071428571,
афишировать,NO_Acc  NO_Dat,0.004,"81  8  ","стремление,желание  человек,женщина  ",3,0.020633537,
афишировать,NO_Nom  NO_Acc,0.046,"-  117  ","-  отношение,связь  ",3,0.022727273,
афишировать,NO_Nom  NO_Acc,0.046,"11  563  ","преступник,убийца  индивид,личность  ",3,0.12962963,
афишировать,на_Acc,0.005,"3  ","страна,регион  ",3,0.010638298,
афишировать,NO_Acc,0.805,"289  ","преимущество,достоинство  ",3,0.2,1
афишировать,NO_Gen,0.013,"34  ","слово,мнение  ",3,0.011363636,
афишировать,NO_Acc  NO_Ins,0.006,"511  76  ","гомосексуализм,педофилия  проведение,выполнение  ",3,0.132575758,
афишировать,NO_Acc,0.805,"60  ","ученик,студент  ",3,0.027777778,
афишировать,NO_Nom  NO_Acc,0.046,"-  215  ","-  искусство,культура  ",3,0.035714286,
афишировать,NO_Acc,0.805,"40  ","представитель,руководитель  ",3,0.011173184,
афишировать,NO_Acc,0.805,"282  ","опыт,знание  ",3,0.2,1
афишировать,NO_Nom,0.011,"40  ","представитель,руководитель  ",3,0.016759777,1
афишировать,в_Loc,0.013,"119  ","пресса,сми  ",3,0.045454545,
афишировать,NO_Acc,0.805,"563  ","индивид,личность  ",3,0.25,
афишировать,в_Loc,0.013,"3  ","страна,регион  ",3,0.010638298,
афишировать,NO_Acc,0.805,"392  ","поведение,поступок  ",3,0.285714286,1
афишировать,перед_Ins  NO_Acc,0.006,"3  482  ","страна,регион  безобразие,беспредел  ",3,0.102659574,1
афишировать,NO_Acc,0.805,"341  ","мораль,нравственность  ",3,0.125,1
афишировать,NO_Acc,0.805,"163  ","поцелуй,прикосновение  ",3,0.111111111,
афишировать,NO_Acc,0.805,"436  ","перспектива,будущее  ",3,0.166666667,1
афишировать,NO_Acc,0.805,"200  ","прыжок,бег  ",3,0.066666667,
афишировать,NO_Nom,0.011,"119  ","пресса,сми  ",3,0.090909091,1
афишировать,NO_Acc,0.805,"174  ","сущность,смысл  ",3,0.117647059,1
афишировать,NO_Acc,0.805,"629  ","мера,степень  ",3,0.666666667,
афишировать,NO_Acc,0.805,"39  ","фильм,картина  ",2,0.02247191,1
громыхать,NO_Nom,0.257,"633  ","гром,раскат  ",37,1,2
громыхать,NO_Ins,0.225,"-  ","-  ",37,0,
громыхать,NO_Nom,0.257,"79  ","поезд,автобус  ",36,0.225806452,1  2
громыхать,NO_Nom,0.257,"-  ","-  ",33,0,
громыхать,NO_Ins,0.225,"17  ","чашка,стакан  ",29,0.164556962,1
громыхать,NO_Ins,0.225,"23  ","окно,дверь  ",27,0.128571429,
громыхать,NO_Ins,0.225,"102  ","ботинок,сапог  ",24,0.153846154,1
громыхать,NO_Nom,0.257,"177  ","пушка,орудие  ",19,0.176470588,2
громыхать,NO_Ins,0.225,"63  ","насекомое,муравей  ",18,0.026315789,
громыхать,NO_Nom,0.257,"111  ","повозка,телега  ",15,0.125,1  2
громыхать,NO_Ins,0.225,"188  ","металл,сталь  ",15,0.1875,
громыхать,NO_Nom,0.257,"40  ","представитель,руководитель  ",14,0.022346369,
громыхать,NO_Ins,0.225,"127  ","колесо,вал  ",14,0.142857143,
громыхать,NO_Nom,0.257,"46  ","песнь,песня  ",12,0.041666667,
громыхать,NO_Nom,0.257,"38  ","нападение,атака  ",12,0.055555556,
громыхать,NO_Ins,0.225,"4  ","нога,рука  ",12,0.039215686,
громыхать,по_Dat,0.053,"59  ","путь,дорога  ",12,0.125,
громыхать,NO_Nom,0.257,"65  ","ветер,ветерок  ",12,0.026315789,1  2
громыхать,по_Dat,0.053,"0  ","дом,здание  ",11,0.025925926,
громыхать,по_Dat,0.053,"79  ","поезд,автобус  ",11,0.032258065,
громыхать,по_Dat,0.053,"210  ","ступенька,лестница  ",11,0.2,
громыхать,NO_Ins,0.225,"24  ","меч,клинок  ",10,0.102941176,1
громыхать,по_Dat,0.053,"3  ","страна,регион  ",9,0.021276596,
громыхать,на_Loc,0.033,"123  ","поверхность,слой  ",9,0.047619048,
громыхать,на_Loc,0.033,"426  ","ухаб,кочка  ",9,0.5,
громыхать,в_Loc,0.025,"0  ","дом,здание  ",8,0.022222222,
громыхать,NO_Ins,0.225,"250  ","доспех,броня  ",8,0.083333333,1
громыхать,NO_Ins,0.225,"161  ","часть,половина  ",8,0.142857143,
громыхать,NO_Nom,0.257,"20  ","император,царь  ",7,0.013157895,
громыхать,NO_Nom,0.257,"15  ","звук,шум  ",7,0.024390244,
громыхать,NO_Nom,0.257,"18  ","война,бой  ",7,0.03125,
громыхать,NO_Nom,0.257,"12  ","отец,брат  ",7,0.019704433,
громыхать,NO_Nom,0.257,"13  ","генерал,полковник  ",7,0.019323671,
громыхать,NO_Ins,0.225,"5  ","одежда,костюм  ",6,0.006849315,1
громыхать,NO_Nom,0.257,"128  ","скрипка,гитара  ",6,0.086956522,2
громыхать,NO_Nom,0.257,"124  ","банк,кредитор  ",6,0.095238095,
громыхать,NO_Ins,0.225,"10  ","машина,автомобиль  ",6,0.041666667,
громыхать,из-под_Gen,0.004,"0  ","дом,здание  ",6,0.003703704,
громыхать,NO_Nom,0.257,"0  ","дом,здание  ",6,0.011111111,
громыхать,NO_Ins,0.225,"90  ","камень,песок  ",6,0.071428571,
громыхать,NO_Nom,0.257,"84  ","оружие,пистолет  ",6,0.1,2
громыхать,на_Loc,0.033,"0  ","дом,здание  ",6,0.007407407,
громыхать,на_Loc  NO_Ins,0.008,"0  17  ","дом,здание  чашка,стакан  ",6,0.029020159,
громыхать,NO_Nom,0.257,"52  ","музыкант,артист  ",6,0.030769231,
громыхать,NO_Nom,0.257,"55  ","оппозиция,оппозиционер  ",6,0.032258065,
громыхать,NO_Ins,0.225,"633  ","гром,раскат  ",5,1,
громыхать,NO_Ins,0.225,"15  ","звук,шум  ",5,0.024390244,
громыхать,на_Loc,0.033,"3  ","страна,регион  ",5,0.026595745,
громыхать,NO_Nom,0.257,"346  ","душа,сердце  ",5,0.125,
громыхать,NO_Nom,0.257,"188  ","металл,сталь  ",5,0.125,
громыхать,NO_Nom,0.257,"10  ","машина,автомобиль  ",5,0.041666667,1  2
громыхать,с_Gen  NO_Nom,0.01,"278  -  ","стадион,арена  -  ",5,0.045454545,
громыхать,NO_Ins  по_Dat,0.025,"102  0  ","ботинок,сапог  дом,здание  ",5,0.061396011,
громыхать,в_Loc,0.025,"7  ","луч,свет  ",5,0.027210884,
громыхать,по_Dat  NO_Nom,0.045,"59  111  ","путь,дорога  повозка,телега  ",4,0.0875,
громыхать,в_Loc,0.025,"-  ","-  ",4,0,
громыхать,NO_Acc,0.011,"14  ","день,время  ",4,0.02173913,
громыхать,NO_Nom  под_Ins,0.012,"0  4  ","дом,здание  нога,рука  ",4,0.008605664,
громыхать,NO_Acc,0.011,"-  ","-  ",4,0,
громыхать,за_Ins,0.006,"23  ","окно,дверь  ",4,0.014285714,
громыхать,NO_Ins,0.225,"86  ","сумка,чемодан  ",4,0.1,1
громыхать,NO_Nom  NO_Ins,0.026,"-  17  ","-  чашка,стакан  ",4,0.025316456,
громыхать,NO_Ins,0.225,"28  ","стол,столик  ",4,0.013333333,
громыхать,NO_Ins,0.225,"66  ","двигатель,мотор  ",4,0.047619048,
громыхать,NO_Nom  NO_Ins  на_Loc,0.003,"-  17  0  ","-  чашка,стакан  дом,здание  ",4,0.013892796,
громыхать,в_Loc  NO_Nom,0.034,"-  -  ","-  -  ",4,0,
громыхать,NO_Ins,0.225,"111  ","повозка,телега  ",4,0.125,
громыхать,NO_Ins,0.225,"38  ","нападение,атака  ",4,0.055555556,
громыхать,NO_Nom  во время_Gen,0.004,"-  57  ","-  визит,поездка  ",4,0.006024096,
громыхать,на_Acc,0.011,"3  ","страна,регион  ",4,0.015957447,
громыхать,NO_Nom,0.257,"30  ","система,механизм  ",4,0.033333333,2
громыхать,NO_Nom,0.257,"7  ","луч,свет  ",4,0.013605442,
громыхать,NO_Nom,0.257,"127  ","колесо,вал  ",4,0.047619048,2
громыхать,NO_Nom,0.257,"377  ","нефтяник,металлург  ",4,0.142857143,
громыхать,NO_Nom,0.257,"210  ","ступенька,лестница  ",3,0.066666667,2
громыхать,NO_Ins,0.225,"84  ","оружие,пистолет  ",3,0.066666667,
громыхать,NO_Nom,0.257,"23  ","окно,дверь  ",3,0.028571429,2
громыхать,из_Gen  NO_Nom,0.004,"91  46  ","камера,видеокамера  песнь,песня  ",3,0.049107143,
громыхать,NO_Ins,0.225,"7  ","луч,свет  ",3,0.013605442,
громыхать,за_Ins  NO_Nom,0.013,"292  65  ","занавеска,штора  ветер,ветерок  ",3,0.063157895,
громыхать,NO_Ins  в_Loc,0.007,"558  0  ","сковородка,сковорода  дом,здание  ",3,0.126851852,
громыхать,в_Loc,0.025,"3  ","страна,регион  ",3,0.010638298,
громыхать,NO_Nom  вокруг_Gen,0.003,"18  105  ","война,бой  больница,госпиталь  ",3,0.025208333,
громыхать,с_Gen  NO_Nom,0.01,"109  633  ","точка,сторона  гром,раскат  ",3,0.1875,
громыхать,NO_Ins,0.225,"115  ","рубль,доллар  ",3,0.045454545,
громыхать,на_Loc  в_Loc  NO_Ins  NO_Nom,0.003,"59  7  104  79  ","путь,дорога  луч,свет  число,количество  поезд,автобус  ",3,0.02434853,
громыхать,на_Acc,0.011,"7  ","луч,свет  ",3,0.006802721,
громыхать,на_Loc  NO_Nom,0.02,"0  177  ","дом,здание  пушка,орудие  ",3,0.062527233,
громыхать,на_Loc  NO_Nom,0.02,"93  -  ","полиция,полицейский  -  ",3,0.007352941,
громыхать,NO_Acc  под_Ins,0.002,"14  -  ","день,время  -  ",3,0.003623188,
громыхать,по_Dat  NO_Nom,0.045,"0  111  ","дом,здание  повозка,телега  ",3,0.066203704,
громыхать,по_Dat,0.053,"50  ","шкаф,ящик  ",3,0.02173913,
громыхать,NO_Nom,0.257,"347  ","оборудование,техника  ",3,0.25,2
громыхать,по_Dat  NO_Nom,0.045,"59  177  ","путь,дорога  пушка,орудие  ",3,0.083823529,
громыхать,NO_Ins,0.225,"177  ","пушка,орудие  ",3,0.058823529,
громыхать,NO_Nom,0.257,"523  ","фейерверк,салют  ",3,0.5,2
громыхать,NO_Ins,0.225,"231  ","палка,палочка  ",3,0.076923077,
громыхать,на_Acc,0.011,"21  ","гора,холм  ",3,0.009569378,
громыхать,NO_Nom,0.257,"139  ","труба,трубка  ",3,0.052631579,2
громыхать,NO_Nom  в_Loc  NO_Nom,0.004,"346  4  104  ","душа,сердце  нога,рука  число,количество  ",2,0.054411765,
громыхать,по_Dat  NO_Nom,0.045,"0  65  ","дом,здание  ветер,ветерок  ",2,0.030019493,
громыхать,во время_Gen  NO_Ins,0.001,"92  318  ","урок,занятие  кость,череп  ",2,0.073412698,
громыхать,NO_Nom  NO_Ins,0.026,"111  246  ","повозка,телега  награда,медаль  ",2,0.0625,1
громыхать,NO_Nom  вдоль_Gen,0.001,"10  21  ","машина,автомобиль  гора,холм  ",2,0.007600678,
громыхать,NO_Nom  сквозь_Acc  по_Dat  с_Ins,0.001,"-  7  59  113  ","-  луч,свет  путь,дорога  темп,скорость  ",2,0.018820245,
громыхать,NO_Nom  NO_Ins,0.026,"40  -  ","представитель,руководитель  -  ",2,0.002793296,
громыхать,NO_Nom  о_Acc,0.001,"346  4  ","душа,сердце  нога,рука  ",2,0.06495098,
громыхать,на_Loc  NO_Acc,0.001,"79  79  ","поезд,автобус  поезд,автобус  ",2,0.032258065,
громыхать,при_Loc,0.005,"200  ","прыжок,бег  ",2,0.133333333,
громыхать,NO_Nom  NO_Ins,0.026,"206  20  ","эксперт,специалист  император,царь  ",2,0.036622807,
громыхать,на_Loc  NO_Ins,0.008,"13  127  ","генерал,полковник  колесо,вал  ",2,0.026224983,
громыхать,после_Gen  NO_Nom,0.001,"412  523  ","сигнал,импульс  фейерверк,салют  ",2,0.208333333,
громыхать,NO_Ins  по_Dat,0.025,"102  555  ","ботинок,сапог  плита,плитка  ",2,0.144230769,
громыхать,позади_Gen  NO_Nom  NO_Nom,0.001,"23  93  38  ","окно,дверь  полиция,полицейский  нападение,атака  ",2,0.015836705,
громыхать,мимо_Gen  NO_Acc  NO_Nom,0.002,"177  -  10  ","пушка,орудие  -  машина,автомобиль  ",2,0.023080065,
громыхать,NO_Ins  по_Dat,0.025,"102  59  ","ботинок,сапог  путь,дорога  ",2,0.031730769,
громыхать,NO_Ins  по_Dat,0.025,"127  90  ","колесо,вал  камень,песок  ",2,0.041666667,
громыхать,в_Acc,0.006,"14  ","день,время  ",2,0.007246377,
громыхать,NO_Ins  по_Dat,0.025,"106  109  ","улыбка,усмешка  точка,сторона  ",2,0.040833333,
громыхать,за_Ins  во время_Gen,0.001,"28  57  ","стол,столик  визит,поездка  ",2,0.012690763,
громыхать,по_Dat  NO_Nom,0.045,"0  79  ","дом,здание  поезд,автобус  ",2,0.035961768,
громыхать,из_Gen  в_Loc,0.001,"-  0  ","-  дом,здание  ",2,0.001851852,
громыхать,NO_Nom,0.257,"106  ","улыбка,усмешка  ",2,0.04,
громыхать,NO_Ins  по_Dat,0.025,"10  90  ","машина,автомобиль  камень,песок  ",2,0.023065476,
громыхать,по_Dat  NO_Nom,0.045,"208  111  ","печь,печка  повозка,телега  ",2,0.054166667,
громыхать,по_Dat  NO_Nom,0.045,"0  127  ","дом,здание  колесо,вал  ",2,0.025661376,
громыхать,по_Dat  NO_Nom,0.045,"59  9  ","путь,дорога  корабль,судно  ",2,0.016924779,
громыхать,по_Dat  NO_Nom,0.045,"0  287  ","дом,здание  колонна,арка  ",2,0.051851852,
громыхать,NO_Nom  NO_Ins,0.026,"-  23  ","-  окно,дверь  ",2,0.007142857,
громыхать,NO_Nom  в_Loc  NO_Ins,0.007,"104  -  188  ","число,количество  -  металл,сталь  ",2,0.031944444,
громыхать,NO_Nom,0.257,"223  ","толстяк,здоровяк  ",2,0.071428571,
громыхать,NO_Nom  в_Loc  NO_Ins,0.007,"15  311  390  ","звук,шум  местоположение,расположение  образец,пример  ",2,0.088721125,
громыхать,в_Acc,0.006,"212  ","ответ,объяснение  ",2,0.066666667,
громыхать,NO_Nom  NO_Ins,0.026,"21  150  ","гора,холм  волна,поток  ",2,0.030170122,
громыхать,за_Ins,0.006,"28  ","стол,столик  ",2,0.013333333,
громыхать,NO_Nom,0.257,"250  ","доспех,броня  ",2,0.166666667,2
громыхать,NO_Nom,0.257,"50  ","шкаф,ящик  ",2,0.043478261,2
громыхать,NO_Nom  на_Acc,0.004,"415  3  ","колокол,колокольчик  страна,регион  ",2,0.085992908,
громыхать,NO_Nom,0.257,"24  ","меч,клинок  ",2,0.029411765,2
громыхать,над_Ins,0.004,"4  ","нога,рука  ",2,0.009803922,
громыхать,NO_Nom  над_Ins,0.006,"633  3  ","гром,раскат  страна,регион  ",2,0.169326241,
громыхать,NO_Nom  над_Ins,0.006,"633  4  ","гром,раскат  нога,рука  ",2,0.169117647,
громыхать,NO_Nom  NO_Ins,0.026,"633  633  ","гром,раскат  гром,раскат  ",2,0.333333333,
громыхать,NO_Nom  NO_Ins  по_Dat,0.004,"10  14  0  ","машина,автомобиль  день,время  дом,здание  ",2,0.007122249,
громыхать,NO_Ins  на_Acc,0.004,"17  0  ","чашка,стакан  дом,здание  ",2,0.008180966,
громыхать,NO_Nom  NO_Gen,0.003,"633  279  ","гром,раскат  купец,торговец  ",2,0.212121212,
громыхать,в_Loc  NO_Nom,0.034,"3  18  ","страна,регион  война,бой  ",2,0.015735816,
громыхать,NO_Nom,0.257,"161  ","часть,половина  ",2,0.047619048,
громыхать,NO_Nom,0.257,"1  ","животное,собака  ",2,0.004975124,
громыхать,в_Loc  по_Dat  NO_Nom,0.003,"297  59  29  ","начало,конец  путь,дорога  клетка,организм  ",2,0.047222222,
громыхать,по_Dat  NO_Nom,0.045,"210  161  ","ступенька,лестница  часть,половина  ",2,0.057142857,
громыхать,NO_Nom,0.257,"356  ","кукла,игрушка  ",2,0.125,2
громыхать,в_Loc  NO_Nom,0.034,"119  71  ","пресса,сми  история,рассказ  ",2,0.036616162,
громыхать,на_Loc,0.033,"127  ","колесо,вал  ",2,0.047619048,
громыхать,в_Loc  NO_Nom,0.034,"362  50  ","отсек,кабина  шкаф,ящик  ",2,0.073369565,
громыхать,в_Loc  NO_Nom,0.034,"4  128  ","нога,рука  скрипка,гитара  ",2,0.024190111,
громыхать,в_Loc,0.025,"39  ","фильм,картина  ",2,0.011235955,
громыхать,на_Loc,0.033,"555  ","плита,плитка  ",2,0.25,
громыхать,на_Loc,0.033,"4  ","нога,рука  ",2,0.004901961,
громыхать,по_Dat  NO_Nom,0.045,"123  -  ","поверхность,слой  -  ",2,0.023809524,
громыхать,в_Acc,0.006,"23  ","окно,дверь  ",2,0.014285714,
громыхать,по_Dat  NO_Nom,0.045,"0  168  ","дом,здание  толпа,кучка  ",2,0.031263617,
громыхать,за_Ins  NO_Nom,0.013,"21  633  ","гора,холм  гром,раскат  ",2,0.169059011,
громыхать,с_Gen  NO_Nom,0.01,"278  40  ","стадион,арена  представитель,руководитель  ",2,0.048247842,
громыхать,NO_Ins,0.225,"316  ","винт,лопасть  ",2,0.222222222,
громыхать,NO_Acc  NO_Nom,0.01,"14  79  ","день,время  поезд,автобус  ",2,0.035881253,
громыхать,в_Acc  NO_Nom,0.008,"4  12  ","нога,рука  отец,брат  ",2,0.004914035,
громыхать,NO_Ins,0.225,"50  ","шкаф,ящик  ",2,0.043478261,
громыхать,NO_Ins,0.225,"79  ","поезд,автобус  ",2,0.064516129,
громыхать,NO_Acc  NO_Nom,0.01,"59  161  ","путь,дорога  часть,половина  ",2,0.036309524,
громыхать,NO_Acc  NO_Nom,0.01,"93  633  ","полиция,полицейский  гром,раскат  ",2,0.174019608,
громыхать,NO_Acc  NO_Nom,0.01,"14  9  ","день,время  корабль,судно  ",2,0.008047967,
громыхать,NO_Ins,0.225,"34  ","слово,мнение  ",2,0.022727273,
громыхать,за_Ins  NO_Nom,0.013,"23  46  ","окно,дверь  песнь,песня  ",2,0.017559524,
громыхать,за_Ins  NO_Nom,0.013,"0  10  ","дом,здание  машина,автомобиль  ",2,0.007060185,
громыхать,NO_Ins,0.225,"39  ","фильм,картина  ",2,0.011235955,
громыхать,на_Loc  NO_Nom,0.02,"0  523  ","дом,здание  фейерверк,салют  ",2,0.251851852,
громыхать,NO_Ins,0.225,"660  ","штука,штучка  ",2,0.2,
громыхать,NO_Ins,0.225,"123  ","поверхность,слой  ",2,0.047619048,
громыхать,NO_Ins,0.225,"490  ","снаряжение,экипировка  ",2,0.2,1
громыхать,NO_Nom,0.257,"415  ","колокол,колокольчик  ",2,0.333333333,2
громыхать,NO_Ins,0.225,"65  ","ветер,ветерок  ",2,0.026315789,
громыхать,NO_Nom,0.257,"318  ","кость,череп  ",2,0.222222222,2
громыхать,за_Ins  NO_Nom,0.013,"23  523  ","окно,дверь  фейерверк,салют  ",2,0.257142857,
громыхать,NO_Nom  под_Ins,0.012,"15  23  ","звук,шум  окно,дверь  ",2,0.013240418,
громыхать,NO_Nom  под_Ins,0.012,"248  127  ","мост,переправа  колесо,вал  ",2,0.06547619,
громыхать,NO_Nom,0.257,"93  ","полиция,полицейский  ",2,0.029411765,
громыхать,NO_Nom,0.257,"90  ","камень,песок  ",2,0.071428571,2
громыхать,на_Acc,0.011,"0  ","дом,здание  ",2,0.007407407,
громыхать,на_Loc  NO_Nom,0.02,"3  633  ","страна,регион  гром,раскат  ",2,0.171985816,
громыхать,NO_Ins,0.225,"152  ","сотня,десяток  ",2,0.111111111,
громыхать,по_Dat,0.053,"426  ","ухаб,кочка  ",2,0.333333333,
громыхать,в_Acc  NO_Nom,0.008,"14  40  ","день,время  представитель,руководитель  ",2,0.006416484,
громыхать,в_Acc  NO_Nom,0.008,"45  -  ","телефон,компьютер  -  ",2,0.007352941,
громыхать,по_Dat,0.053,"109  ","точка,сторона  ",2,0.083333333,
громыхать,по_Dat,0.053,"90  ","камень,песок  ",2,0.071428571,
громыхать,по_Dat,0.053,"-  ","-  ",2,0,
громыхать,в_Acc  NO_Nom,0.008,"14  65  ","день,время  ветер,ветерок  ",2,0.016781083,
громыхать,в_Acc  NO_Nom,0.008,"109  10  ","точка,сторона  машина,автомобиль  ",2,0.026041667,
громыхать,NO_Acc  NO_Nom  NO_Ins  по_Dat,0.001,"14  154  127  59  ","день,время  пассажир,водитель  колесо,вал  путь,дорога  ",2,0.033855245,
громыхать,NO_Ins  по_Dat,0.025,"102  248  ","ботинок,сапог  мост,переправа  ",2,0.080128205,
громыхать,напротив_Gen  в_Acc  NO_Nom,0.001,"23  14  -  ","окно,дверь  день,время  -  ",2,0.007177364,
громыхать,NO_Nom  NO_Nom,0.009,"7  -  ","луч,свет  -  ",2,0.003401361,
громыхать,на_Loc  NO_Nom,0.02,"0  633  ","дом,здание  гром,раскат  ",2,0.168518519,
громыхать,по_Dat,0.053,"21  ","гора,холм  ",2,0.004784689,
громыхать,NO_Nom  NO_Nom,0.009,"138  15  ","бомба,снаряд  звук,шум  ",2,0.03241335,
громыхать,за_Ins  NO_Acc  NO_Nom,0.001,"23  14  46  ","окно,дверь  день,время  песнь,песня  ",2,0.014121808,
громыхать,NO_Nom  NO_Nom,0.009,"15  633  ","звук,шум  гром,раскат  ",2,0.172764228,
громыхать,на_Loc  NO_Ins,0.008,"74  1  ","лошадь,конь  животное,собака  ",1,0.016773276,
громыхать,NO_Nom  над_Ins,0.006,"7  4  ","луч,свет  нога,рука  ",1,0.005852341,
громыхать,NO_Nom  над_Ins,0.006,"65  0  ","ветер,ветерок  дом,здание  ",1,0.015009747,
громыхать,NO_Nom  над_Ins,0.006,"106  4  ","улыбка,усмешка  нога,рука  ",1,0.02245098,
громыхать,NO_Nom  над_Ins,0.006,"106  168  ","улыбка,усмешка  толпа,кучка  ",1,0.049411765,
громыхать,за_Ins,0.006,"4  ","нога,рука  ",1,0.004901961,
громыхать,NO_Acc,0.011,"38  ","нападение,атака  ",1,0.018518519,
громыхать,за_Ins,0.006,"0  ","дом,здание  ",1,0.003703704,
громыхать,за_Ins,0.006,"3  ","страна,регион  ",1,0.005319149,
громыхать,NO_Acc,0.011,"134  ","пирожок,пирог  ",1,0.05,
громыхать,NO_Acc,0.011,"177  ","пушка,орудие  ",1,0.058823529,
громыхать,в_Acc  NO_Nom,0.008,"7  633  ","луч,свет  гром,раскат  ",1,0.170068027,
громыхать,NO_Acc,0.011,"9  ","корабль,судно  ",1,0.008849558,
громыхать,NO_Acc,0.011,"50  ","шкаф,ящик  ",1,0.02173913,
громыхать,NO_Acc,0.011,"79  ","поезд,автобус  ",1,0.032258065,
громыхать,в_Acc,0.006,"6  ","удовольствие,радость  ",1,0.004739336,
громыхать,на_Acc,0.011,"4  ","нога,рука  ",1,0.004901961,
громыхать,на_Acc,0.011,"-  ","-  ",1,0,
громыхать,на_Acc,0.011,"222  ","подразделение,служба  ",1,0.071428571,
громыхать,на_Acc,0.011,"64  ","компания,фирма  ",1,0.02,
громыхать,NO_Nom  над_Ins,0.006,"15  70  ","звук,шум  станция,вокзал  ",1,0.01998645,
громыхать,NO_Acc,0.011,"23  ","окно,дверь  ",1,0.014285714,
громыхать,NO_Nom  NO_Nom,0.009,"633  188  ","гром,раскат  металл,сталь  ",1,0.197916667,
громыхать,NO_Nom  NO_Nom,0.009,"41  1  ","маг,колдун  животное,собака  ",1,0.012487562,
громыхать,с_Gen  NO_Nom,0.01,"3  65  ","страна,регион  ветер,ветерок  ",1,0.015817469,
громыхать,с_Gen  NO_Nom,0.01,"14  505  ","день,время  парад,марш  ",1,0.103623188,
громыхать,на_Loc  NO_Ins,0.008,"123  79  ","поверхность,слой  поезд,автобус  ",1,0.039938556,
громыхать,с_Gen  NO_Nom,0.01,"109  523  ","точка,сторона  фейерверк,салют  ",1,0.145833333,
громыхать,NO_Nom  в_Loc  NO_Ins,0.007,"65  4  138  ","ветер,ветерок  нога,рука  бомба,снаряд  ",1,0.027949776,
громыхать,NO_Nom  в_Loc  NO_Ins,0.007,"-  -  81  ","-  -  стремление,желание  ",1,0.010752688,
громыхать,NO_Nom  в_Loc  NO_Ins,0.007,"-  362  660  ","-  отсек,кабина  штука,штучка  ",1,0.108333333,
громыхать,NO_Nom  в_Loc  NO_Ins,0.007,"47  239  161  ","старец,монах  модуль,блок  часть,половина  ",1,0.046416002,
громыхать,NO_Nom  в_Loc  NO_Ins,0.007,"7  4  7  ","луч,свет  нога,рука  луч,свет  ",1,0.006169134,
громыхать,NO_Nom  в_Loc  NO_Ins,0.007,"637  109  -  ","уборщица,дворник  точка,сторона  -  ",1,0.125,
громыхать,с_Gen  NO_Nom,0.01,"109  59  ","точка,сторона  путь,дорога  ",1,0.033333333,
громыхать,NO_Acc  NO_Nom,0.01,"14  7  ","день,время  луч,свет  ",1,0.007024549,
громыхать,NO_Acc  NO_Nom,0.01,"93  79  ","полиция,полицейский  поезд,автобус  ",1,0.023481973,
громыхать,NO_Acc  NO_Nom,0.01,"14  65  ","день,время  ветер,ветерок  ",1,0.016781083,
громыхать,NO_Acc  NO_Nom,0.01,"14  633  ","день,время  гром,раскат  ",1,0.170289855,
громыхать,NO_Acc  NO_Nom,0.01,"14  18  ","день,время  война,бой  ",1,0.008831522,
громыхать,NO_Acc  NO_Nom,0.01,"59  50  ","путь,дорога  шкаф,ящик  ",1,0.023369565,
громыхать,NO_Nom  NO_Nom,0.009,"419  17  ","рыцарь,самурай  чашка,стакан  ",1,0.089662447,
громыхать,NO_Nom  NO_Nom,0.009,"127  127  ","колесо,вал  колесо,вал  ",1,0.023809524,
громыхать,NO_Nom  NO_Nom,0.009,"93  79  ","полиция,полицейский  поезд,автобус  ",1,0.023481973,
громыхать,NO_Ins  в_Loc,0.007,"318  17  ","кость,череп  чашка,стакан  ",1,0.061884669,
громыхать,NO_Ins  в_Loc,0.007,"17  109  ","чашка,стакан  точка,сторона  ",1,0.027162447,
громыхать,NO_Ins  в_Loc,0.007,"46  4  ","песнь,песня  нога,рука  ",1,0.012867647,
громыхать,NO_Ins  в_Loc,0.007,"344  50  ","дрянь,гадость  шкаф,ящик  ",1,0.073369565,
громыхать,NO_Nom  NO_Nom,0.009,"346  79  ","душа,сердце  поезд,автобус  ",1,0.078629032,
громыхать,NO_Ins  в_Loc,0.007,"28  86  ","стол,столик  сумка,чемодан  ",1,0.023333333,
громыхать,NO_Ins  в_Loc,0.007,"63  25  ","насекомое,муравей  команда,группа  ",1,0.019568151,
громыхать,NO_Ins  в_Loc,0.007,"24  132  ","меч,клинок  женька,петька  ",1,0.032352941,
громыхать,на_Loc  NO_Ins,0.008,"123  127  ","поверхность,слой  колесо,вал  ",1,0.047619048,
громыхать,в_Loc  у_Gen  NO_Nom,0.001,"10  12  170  ","машина,автомобиль  отец,брат  конструкция,каркас  ",1,0.024722101,
громыхать,NO_Nom  NO_Ins  по_Dat,0.004,"13  24  24  ","генерал,полковник  меч,клинок  меч,клинок  ",1,0.011414228,
громыхать,в_Acc,0.006,"109  ","точка,сторона  ",1,0.041666667,
громыхать,NO_Nom  под_Acc,0.001,"523  -  ","фейерверк,салют  -  ",1,0.125,
громыхать,NO_Acc  NO_Nom  по_Dat,0.001,"14  79  123  ","день,время  поезд,автобус  поверхность,слой  ",1,0.029041163,
громыхать,за_Ins  на_Loc  NO_Nom,0.001,"70  59  127  ","станция,вокзал  путь,дорога  колесо,вал  ",1,0.033465608,
громыхать,через_Acc  под_Ins,0.001,"14  23  ","день,время  окно,дверь  ",1,0.010766046,
громыхать,NO_Nom  между_Ins,0.001,"38  23  ","нападение,атака  окно,дверь  ",1,0.016402116,
громыхать,за_Ins  в_Acc,0.001,"-  65  ","-  ветер,ветерок  ",1,0.013157895,
громыхать,NO_Ins  о_Acc,0.001,"102  188  ","ботинок,сапог  металл,сталь  ",1,0.050480769,
громыхать,в_Loc  в_Loc,0.001,"7  93  ","луч,свет  полиция,полицейский  ",1,0.010754302,
громыхать,NO_Nom  NO_Acc  NO_Ins  у_Gen,0.001,"12  14  17  555  ","отец,брат  день,время  чашка,стакан  плита,плитка  ",1,0.068707678,
громыхать,в_Loc  NO_Nom  NO_Ins  по_Dat,0.001,"3  10  63  -  ","страна,регион  машина,автомобиль  насекомое,муравей  -  ",1,0.010512901,
громыхать,NO_Loc,0.001,"23  ","окно,дверь  ",1,0.014285714,
громыхать,NO_Nom  меж_Gen,0.001,"210  362  ","ступенька,лестница  отсек,кабина  ",1,0.095833333,
громыхать,под_Ins  NO_Acc  NO_Nom,0.001,"23  14  347  ","окно,дверь  день,время  оборудование,техника  ",1,0.04884403,
громыхать,под_Acc,0.001,"106  ","улыбка,усмешка  ",1,0.04,
громыхать,сквозь_Acc  NO_Nom,0.001,"-  46  ","-  песнь,песня  ",1,0.010416667,
громыхать,из_Gen,0.001,"91  ","камера,видеокамера  ",1,0.035714286,
громыхать,о_Acc,0.001,"0  ","дом,здание  ",1,0.003703704,
громыхать,NO_Ins  о_Acc  NO_Ins,0.001,"14  21  -  ","день,время  гора,холм  -  ",1,0.004010355,
громыхать,с_Ins,0.001,"201  ","настойчивость,упорство  ",1,0.066666667,
громыхать,NO_Nom  по_Dat  перед_Ins,0.001,"9  90  23  ","корабль,судно  камень,песок  окно,дверь  ",1,0.019616519,
громыхать,с_Ins  в_Loc,0.001,"14  3  ","день,время  страна,регион  ",1,0.006282763,
громыхать,NO_Ins  в_Acc,0.001,"102  0  ","ботинок,сапог  дом,здание  ",1,0.021082621,
громыхать,во время_Gen,0.001,"38  ","нападение,атака  ",1,0.018518519,
громыхать,через_Acc  NO_Nom  по_Dat,0.001,"14  210  210  ","день,время  ступенька,лестница  ступенька,лестница  ",1,0.046859903,
громыхать,NO_Ins  к_Dat,0.001,"188  -  ","металл,сталь  -  ",1,0.03125,
громыхать,о_Acc  по_Dat,0.001,"188  0  ","металл,сталь  дом,здание  ",1,0.033101852,
громыхать,NO_Ins  на_Acc  NO_Nom,0.001,"15  9  8  ","звук,шум  корабль,судно  человек,женщина  ",1,0.010017896,
громыхать,NO_Ins  NO_Nom  NO_Nom,0.001,"287  13  13  ","колонна,арка  генерал,полковник  генерал,полковник  ",1,0.034943639,
громыхать,в_Acc  NO_Gen  вдоль_Gen,0.001,"14  315  109  ","день,время  разгром,капитуляция  точка,сторона  ",1,0.053341385,
громыхать,в_Acc,0.006,"4  ","нога,рука  ",1,0.004901961,
громыхать,NO_Ins  NO_Gen,0.001,"494  340  ","ругательство,брань  инженер,конструктор  ",1,0.1625,
громыхать,NO_Nom  NO_Ins  у_Gen,0.001,"12  -  208  ","отец,брат  -  печь,печка  ",1,0.023864258,
громыхать,за_Acc  на_Loc,0.001,"14  0  ","день,время  дом,здание  ",1,0.00547504,
громыхать,NO_Ins  NO_Nom  NO_Ins,0.001,"14  0  79  ","день,время  дом,здание  поезд,автобус  ",1,0.014402715,
громыхать,NO_Ins  по_Dat  NO_Acc,0.001,"-  65  7  ","-  ветер,ветерок  луч,свет  ",1,0.011039504,
громыхать,NO_Ins  NO_Nom  на_Loc  NO_Nom,0.001,"9  12  150  152  ","корабль,судно  отец,брат  волна,поток  сотня,десяток  ",1,0.031221694,
громыхать,от_Gen  по_Dat,0.001,"-  79  ","-  поезд,автобус  ",1,0.016129032,
громыхать,с_Acc  в_Loc  NO_Nom,0.001,"14  0  7  ","день,время  дом,здание  луч,свет  ",1,0.005917601,
громыхать,в_Acc  около_Gen,0.001,"212  23  ","ответ,объяснение  окно,дверь  ",1,0.04047619,
громыхать,NO_Ins  в_Loc  после_Gen,0.001,"318  7  14  ","кость,череп  луч,свет  день,время  ",1,0.04172007,
громыхать,через_Acc  по_Dat  NO_Ins,0.001,"152  210  28  ","сотня,десяток  ступенька,лестница  стол,столик  ",1,0.045185185,
громыхать,на_Loc  на_Acc  NO_Ins  по_Dat,0.001,"152  0  -  16  ","сотня,десяток  дом,здание  -  дерево,куст  ",1,0.017173305,
громыхать,у_Gen  NO_Ins,0.001,"208  17  ","печь,печка  чашка,стакан  ",1,0.039662447,
громыхать,по_Dat  на_Loc  NO_Nom,0.001,"59  10  8  ","путь,дорога  машина,автомобиль  человек,женщина  ",1,0.014808559,
громыхать,при_Loc  на_Acc,0.001,"80  -  ","создание,разработка  -  ",1,0.010638298,
громыхать,подоно_Dat,0.001,"38  ","нападение,атака  ",1,0.018518519,
громыхать,NO_Nom  NO_Acc  в_Loc  NO_Nom,0.001,"79  14  7  -  ","поезд,автобус  день,время  луч,свет  -  ",1,0.011576791,
громыхать,с_Gen  в_Acc  NO_Nom,0.001,"3  109  136  ","страна,регион  точка,сторона  монстр,чудовище  ",1,0.032328605,
громыхать,в_Loc  на_Loc  NO_Nom,0.001,"5  135  10  ","одежда,костюм  канат,трос  машина,автомобиль  ",1,0.022421994,
громыхать,с_Gen  за_Ins  NO_Nom,0.001,"14  23  -  ","день,время  окно,дверь  -  ",1,0.007177364,
громыхать,NO_Ins  над_Ins  NO_Nom,0.001,"14  -  633  ","день,время  -  гром,раскат  ",1,0.11352657,
громыхать,у_Gen  по_Dat  NO_Nom,0.001,"154  87  52  ","пассажир,водитель  телеканал,канал  музыкант,артист  ",1,0.035140977,
громыхать,NO_Acc  NO_Nom  NO_Nom,0.001,"14  10  32  ","день,время  машина,автомобиль  дракон,змея  ",1,0.011735634,
громыхать,до_Gen  NO_Nom  в_Loc,0.001,"14  128  14  ","день,время  скрипка,гитара  день,время  ",1,0.019323671,
громыхать,в_Loc  вместо_Gen  NO_Acc  NO_Nom,0.001,"0  7  14  46  ","дом,здание  луч,свет  день,время  песнь,песня  ",1,0.009646534,
громыхать,мимо_Gen  NO_Nom,0.001,"7  111  ","луч,свет  повозка,телега  ",1,0.024234694,
громыхать,к_Dat  по_Dat,0.001,"297  0  ","начало,конец  дом,здание  ",1,0.051851852,
громыхать,NO_Ins  в_Acc,0.001,"633  777  ","гром,раскат  унисон,такт  ",1,0.416666667,
громыхать,NO_Nom  к_Dat,0.001,"152  -  ","сотня,десяток  -  ",1,0.027777778,
громыхать,NO_Nom  к_Dat,0.001,"40  14  ","представитель,руководитель  день,время  ",1,0.006416484,
громыхать,NO_Nom  в_Loc  NO_Nom,0.004,"346  4  415  ","душа,сердце  нога,рука  колокол,колокольчик  ",1,0.098856209,
громыхать,NO_Ins  на_Acc,0.004,"-  3  ","-  страна,регион  ",1,0.002659574,
громыхать,NO_Ins  на_Acc,0.004,"15  0  ","звук,шум  дом,здание  ",1,0.007949413,
громыхать,NO_Nom  NO_Ins  по_Dat,0.004,"10  10  59  ","машина,автомобиль  машина,автомобиль  путь,дорога  ",1,0.015277778,
громыхать,NO_Nom  NO_Ins  по_Dat,0.004,"-  102  59  ","-  ботинок,сапог  путь,дорога  ",1,0.021153846,
громыхать,NO_Ins  по_Dat  по_Dat,0.001,"127  90  3  ","колесо,вал  камень,песок  страна,регион  ",1,0.029550827,
громыхать,над_Ins,0.004,"0  ","дом,здание  ",1,0.003703704,
громыхать,над_Ins,0.004,"98  ","вода,воздух  ",1,0.037037037,
громыхать,над_Ins,0.004,"21  ","гора,холм  ",1,0.004784689,
громыхать,из_Gen  NO_Nom,0.004,"-  46  ","-  песнь,песня  ",1,0.010416667,
громыхать,из_Gen  NO_Nom,0.004,"7  15  ","луч,свет  звук,шум  ",1,0.009498922,
